path,split,material,defect_type,mask_path,attributes
../../data/MVTec/carpet/train/good/000.png,train,carpet,good,,
../../data/MVTec/carpet/train/good/001.png,train,carpet,good,,
../../data/MVTec/carpet/train/good/002.png,train,carpet,good,,
../../data/MVTec/carpet/train/good/003.png,train,carpet,good,,
../../data/MVTec/carpet/train/good/004.png,train,carpet,good,,
../../data/MVTec/carpet/train/good/005.png,train,carpet,good,,
../../data/MVTec/carpet/train/good/006.png,train,carpet,good,,
../../data/MVTec/carpet/train/good/007.png,train,carpet,good,,
../../data/MVTec/carpet/train/good/008.png,train,carpet,good,,
../../data/MVTec/carpet/train/good/009.png,train,carpet,good,,
../../data/MVTec/carpet/train/good/010.png,train,carpet,good,,
../../data/MVTec/carpet/train/good/011.png,train,carpet,good,,
../../data/MVTec/carpet/train/good/012.png,train,carpet,good,,
../../data/MVTec/carpet/train/good/013.png,train,carpet,good,,
../../data/MVTec/carpet/train/good/014.png,train,carpet,good,,
../../data/MVTec/carpet/train/good/015.png,train,carpet,good,,
../../data/MVTec/carpet/train/good/016.png,train,carpet,good,,
../../data/MVTec/carpet/train/good/017.png,train,carpet,good,,
../../data/MVTec/carpet/train/good/018.png,train,carpet,good,,
../../data/MVTec/carpet/train/good/019.png,train,carpet,good,,
../../data/MVTec/carpet/train/good/020.png,train,carpet,good,,
../../data/MVTec/carpet/train/good/021.png,train,carpet,good,,
../../data/MVTec/carpet/train/good/022.png,train,carpet,good,,
../../data/MVTec/carpet/train/good/023.png,train,carpet,good,,
../../data/MVTec/carpet/train/good/024.png,train,carpet,good,,
../../data/MVTec/carpet/train/good/025.png,train,carpet,good,,
../../data/MVTec/carpet/train/good/026.png,train,carpet,good,,
../../data/MVTec/carpet/train/good/027.png,train,carpet,good,,
../../data/MVTec/carpet/train/good/028.png,train,carpet,good,,
../../data/MVTec/carpet/train/good/029.png,train,carpet,good,,
../../data/MVTec/carpet/train/good/030.png,train,carpet,good,,
../../data/MVTec/carpet/train/good/031.png,train,carpet,good,,
../../data/MVTec/carpet/train/good/032.png,train,carpet,good,,
../../data/MVTec/carpet/train/good/033.png,train,carpet,good,,
../../data/MVTec/carpet/train/good/034.png,train,carpet,good,,
../../data/MVTec/carpet/train/good/035.png,train,carpet,good,,
../../data/MVTec/carpet/train/good/036.png,train,carpet,good,,
../../data/MVTec/carpet/train/good/037.png,train,carpet,good,,
../../data/MVTec/carpet/train/good/038.png,train,carpet,good,,
../../data/MVTec/carpet/train/good/039.png,train,carpet,good,,
../../data/MVTec/carpet/train/good/040.png,train,carpet,good,,
../../data/MVTec/carpet/train/good/041.png,train,carpet,good,,
../../data/MVTec/carpet/train/good/042.png,train,carpet,good,,
../../data/MVTec/carpet/train/good/043.png,train,carpet,good,,
../../data/MVTec/carpet/train/good/044.png,train,carpet,good,,
../../data/MVTec/carpet/train/good/045.png,train,carpet,good,,
../../data/MVTec/carpet/train/good/046.png,train,carpet,good,,
../../data/MVTec/carpet/train/good/047.png,train,carpet,good,,
../../data/MVTec/carpet/train/good/048.png,train,carpet,good,,
../../data/MVTec/carpet/train/good/049.png,train,carpet,good,,
../../data/MVTec/carpet/train/good/050.png,train,carpet,good,,
../../data/MVTec/carpet/train/good/051.png,train,carpet,good,,
../../data/MVTec/carpet/train/good/052.png,train,carpet,good,,
../../data/MVTec/carpet/train/good/053.png,train,carpet,good,,
../../data/MVTec/carpet/train/good/054.png,train,carpet,good,,
../../data/MVTec/carpet/train/good/055.png,train,carpet,good,,
../../data/MVTec/carpet/train/good/056.png,train,carpet,good,,
../../data/MVTec/carpet/train/good/057.png,train,carpet,good,,
../../data/MVTec/carpet/train/good/058.png,train,carpet,good,,
../../data/MVTec/carpet/train/good/059.png,train,carpet,good,,
../../data/MVTec/carpet/train/good/060.png,train,carpet,good,,
../../data/MVTec/carpet/train/good/061.png,train,carpet,good,,
../../data/MVTec/carpet/train/good/062.png,train,carpet,good,,
../../data/MVTec/carpet/train/good/063.png,train,carpet,good,,
../../data/MVTec/carpet/train/good/064.png,train,carpet,good,,
../../data/MVTec/carpet/train/good/065.png,train,carpet,good,,
../../data/MVTec/carpet/train/good/066.png,train,carpet,good,,
../../data/MVTec/carpet/train/good/067.png,train,carpet,good,,
../../data/MVTec/carpet/train/good/068.png,train,carpet,good,,
../../data/MVTec/carpet/train/good/069.png,train,carpet,good,,
../../data/MVTec/carpet/train/good/070.png,train,carpet,good,,
../../data/MVTec/carpet/train/good/071.png,train,carpet,good,,
../../data/MVTec/carpet/train/good/072.png,train,carpet,good,,
../../data/MVTec/carpet/train/good/073.png,train,carpet,good,,
../../data/MVTec/carpet/train/good/074.png,train,carpet,good,,
../../data/MVTec/carpet/train/good/075.png,train,carpet,good,,
../../data/MVTec/carpet/train/good/076.png,train,carpet,good,,
../../data/MVTec/carpet/train/good/077.png,train,carpet,good,,
../../data/MVTec/carpet/train/good/078.png,train,carpet,good,,
../../data/MVTec/carpet/train/good/079.png,train,carpet,good,,
../../data/MVTec/carpet/train/good/080.png,train,carpet,good,,
../../data/MVTec/carpet/train/good/081.png,train,carpet,good,,
../../data/MVTec/carpet/train/good/082.png,train,carpet,good,,
../../data/MVTec/carpet/train/good/083.png,train,carpet,good,,
../../data/MVTec/carpet/train/good/084.png,train,carpet,good,,
../../data/MVTec/carpet/train/good/085.png,train,carpet,good,,
../../data/MVTec/carpet/train/good/086.png,train,carpet,good,,
../../data/MVTec/carpet/train/good/087.png,train,carpet,good,,
../../data/MVTec/carpet/train/good/088.png,train,carpet,good,,
../../data/MVTec/carpet/train/good/089.png,train,carpet,good,,
../../data/MVTec/carpet/train/good/090.png,train,carpet,good,,
../../data/MVTec/carpet/train/good/091.png,train,carpet,good,,
../../data/MVTec/carpet/train/good/092.png,train,carpet,good,,
../../data/MVTec/carpet/train/good/093.png,train,carpet,good,,
../../data/MVTec/carpet/train/good/094.png,train,carpet,good,,
../../data/MVTec/carpet/train/good/095.png,train,carpet,good,,
../../data/MVTec/carpet/train/good/096.png,train,carpet,good,,
../../data/MVTec/carpet/train/good/097.png,train,carpet,good,,
../../data/MVTec/carpet/train/good/098.png,train,carpet,good,,
../../data/MVTec/carpet/train/good/099.png,train,carpet,good,,
../../data/MVTec/carpet/train/good/100.png,train,carpet,good,,
../../data/MVTec/carpet/train/good/101.png,train,carpet,good,,
../../data/MVTec/carpet/train/good/102.png,train,carpet,good,,
../../data/MVTec/carpet/train/good/103.png,train,carpet,good,,
../../data/MVTec/carpet/train/good/104.png,train,carpet,good,,
../../data/MVTec/carpet/train/good/105.png,train,carpet,good,,
../../data/MVTec/carpet/train/good/106.png,train,carpet,good,,
../../data/MVTec/carpet/train/good/107.png,train,carpet,good,,
../../data/MVTec/carpet/train/good/108.png,train,carpet,good,,
../../data/MVTec/carpet/train/good/109.png,train,carpet,good,,
../../data/MVTec/carpet/train/good/110.png,train,carpet,good,,
../../data/MVTec/carpet/train/good/111.png,train,carpet,good,,
../../data/MVTec/carpet/train/good/112.png,train,carpet,good,,
../../data/MVTec/carpet/train/good/113.png,train,carpet,good,,
../../data/MVTec/carpet/train/good/114.png,train,carpet,good,,
../../data/MVTec/carpet/train/good/115.png,train,carpet,good,,
../../data/MVTec/carpet/train/good/116.png,train,carpet,good,,
../../data/MVTec/carpet/train/good/117.png,train,carpet,good,,
../../data/MVTec/carpet/train/good/118.png,train,carpet,good,,
../../data/MVTec/carpet/train/good/119.png,train,carpet,good,,
../../data/MVTec/carpet/train/good/120.png,train,carpet,good,,
../../data/MVTec/carpet/train/good/121.png,train,carpet,good,,
../../data/MVTec/carpet/train/good/122.png,train,carpet,good,,
../../data/MVTec/carpet/train/good/123.png,train,carpet,good,,
../../data/MVTec/carpet/train/good/124.png,train,carpet,good,,
../../data/MVTec/carpet/train/good/125.png,train,carpet,good,,
../../data/MVTec/carpet/train/good/126.png,train,carpet,good,,
../../data/MVTec/carpet/train/good/127.png,train,carpet,good,,
../../data/MVTec/carpet/train/good/128.png,train,carpet,good,,
../../data/MVTec/carpet/train/good/129.png,train,carpet,good,,
../../data/MVTec/carpet/train/good/130.png,train,carpet,good,,
../../data/MVTec/carpet/train/good/131.png,train,carpet,good,,
../../data/MVTec/carpet/train/good/132.png,train,carpet,good,,
../../data/MVTec/carpet/train/good/133.png,train,carpet,good,,
../../data/MVTec/carpet/train/good/134.png,train,carpet,good,,
../../data/MVTec/carpet/train/good/135.png,train,carpet,good,,
../../data/MVTec/carpet/train/good/136.png,train,carpet,good,,
../../data/MVTec/carpet/train/good/137.png,train,carpet,good,,
../../data/MVTec/carpet/train/good/138.png,train,carpet,good,,
../../data/MVTec/carpet/train/good/139.png,train,carpet,good,,
../../data/MVTec/carpet/train/good/140.png,train,carpet,good,,
../../data/MVTec/carpet/train/good/141.png,train,carpet,good,,
../../data/MVTec/carpet/train/good/142.png,train,carpet,good,,
../../data/MVTec/carpet/train/good/143.png,train,carpet,good,,
../../data/MVTec/carpet/train/good/144.png,train,carpet,good,,
../../data/MVTec/carpet/train/good/145.png,train,carpet,good,,
../../data/MVTec/carpet/train/good/146.png,train,carpet,good,,
../../data/MVTec/carpet/train/good/147.png,train,carpet,good,,
../../data/MVTec/carpet/train/good/148.png,train,carpet,good,,
../../data/MVTec/carpet/train/good/149.png,train,carpet,good,,
../../data/MVTec/carpet/train/good/150.png,train,carpet,good,,
../../data/MVTec/carpet/train/good/151.png,train,carpet,good,,
../../data/MVTec/carpet/train/good/152.png,train,carpet,good,,
../../data/MVTec/carpet/train/good/153.png,train,carpet,good,,
../../data/MVTec/carpet/train/good/154.png,train,carpet,good,,
../../data/MVTec/carpet/train/good/155.png,train,carpet,good,,
../../data/MVTec/carpet/train/good/156.png,train,carpet,good,,
../../data/MVTec/carpet/train/good/157.png,train,carpet,good,,
../../data/MVTec/carpet/train/good/158.png,train,carpet,good,,
../../data/MVTec/carpet/train/good/159.png,train,carpet,good,,
../../data/MVTec/carpet/train/good/160.png,train,carpet,good,,
../../data/MVTec/carpet/train/good/161.png,train,carpet,good,,
../../data/MVTec/carpet/train/good/162.png,train,carpet,good,,
../../data/MVTec/carpet/train/good/163.png,train,carpet,good,,
../../data/MVTec/carpet/train/good/164.png,train,carpet,good,,
../../data/MVTec/carpet/train/good/165.png,train,carpet,good,,
../../data/MVTec/carpet/train/good/166.png,train,carpet,good,,
../../data/MVTec/carpet/train/good/167.png,train,carpet,good,,
../../data/MVTec/carpet/train/good/168.png,train,carpet,good,,
../../data/MVTec/carpet/train/good/169.png,train,carpet,good,,
../../data/MVTec/carpet/train/good/170.png,train,carpet,good,,
../../data/MVTec/carpet/train/good/171.png,train,carpet,good,,
../../data/MVTec/carpet/train/good/172.png,train,carpet,good,,
../../data/MVTec/carpet/train/good/173.png,train,carpet,good,,
../../data/MVTec/carpet/train/good/174.png,train,carpet,good,,
../../data/MVTec/carpet/train/good/175.png,train,carpet,good,,
../../data/MVTec/carpet/train/good/176.png,train,carpet,good,,
../../data/MVTec/carpet/train/good/177.png,train,carpet,good,,
../../data/MVTec/carpet/train/good/178.png,train,carpet,good,,
../../data/MVTec/carpet/train/good/179.png,train,carpet,good,,
../../data/MVTec/carpet/train/good/180.png,train,carpet,good,,
../../data/MVTec/carpet/train/good/181.png,train,carpet,good,,
../../data/MVTec/carpet/train/good/182.png,train,carpet,good,,
../../data/MVTec/carpet/train/good/183.png,train,carpet,good,,
../../data/MVTec/carpet/train/good/184.png,train,carpet,good,,
../../data/MVTec/carpet/train/good/185.png,train,carpet,good,,
../../data/MVTec/carpet/train/good/186.png,train,carpet,good,,
../../data/MVTec/carpet/train/good/187.png,train,carpet,good,,
../../data/MVTec/carpet/train/good/188.png,train,carpet,good,,
../../data/MVTec/carpet/train/good/189.png,train,carpet,good,,
../../data/MVTec/carpet/train/good/190.png,train,carpet,good,,
../../data/MVTec/carpet/train/good/191.png,train,carpet,good,,
../../data/MVTec/carpet/train/good/192.png,train,carpet,good,,
../../data/MVTec/carpet/train/good/193.png,train,carpet,good,,
../../data/MVTec/carpet/train/good/194.png,train,carpet,good,,
../../data/MVTec/carpet/train/good/195.png,train,carpet,good,,
../../data/MVTec/carpet/train/good/196.png,train,carpet,good,,
../../data/MVTec/carpet/train/good/197.png,train,carpet,good,,
../../data/MVTec/carpet/train/good/198.png,train,carpet,good,,
../../data/MVTec/carpet/train/good/199.png,train,carpet,good,,
../../data/MVTec/carpet/train/good/200.png,train,carpet,good,,
../../data/MVTec/carpet/train/good/201.png,train,carpet,good,,
../../data/MVTec/carpet/train/good/202.png,train,carpet,good,,
../../data/MVTec/carpet/train/good/203.png,train,carpet,good,,
../../data/MVTec/carpet/train/good/204.png,train,carpet,good,,
../../data/MVTec/carpet/train/good/205.png,train,carpet,good,,
../../data/MVTec/carpet/train/good/206.png,train,carpet,good,,
../../data/MVTec/carpet/train/good/207.png,train,carpet,good,,
../../data/MVTec/carpet/train/good/208.png,train,carpet,good,,
../../data/MVTec/carpet/train/good/209.png,train,carpet,good,,
../../data/MVTec/carpet/train/good/210.png,train,carpet,good,,
../../data/MVTec/carpet/train/good/211.png,train,carpet,good,,
../../data/MVTec/carpet/train/good/212.png,train,carpet,good,,
../../data/MVTec/carpet/train/good/213.png,train,carpet,good,,
../../data/MVTec/carpet/train/good/214.png,train,carpet,good,,
../../data/MVTec/carpet/train/good/215.png,train,carpet,good,,
../../data/MVTec/carpet/train/good/216.png,train,carpet,good,,
../../data/MVTec/carpet/train/good/217.png,train,carpet,good,,
../../data/MVTec/carpet/train/good/218.png,train,carpet,good,,
../../data/MVTec/carpet/train/good/219.png,train,carpet,good,,
../../data/MVTec/carpet/train/good/220.png,train,carpet,good,,
../../data/MVTec/carpet/train/good/221.png,train,carpet,good,,
../../data/MVTec/carpet/train/good/222.png,train,carpet,good,,
../../data/MVTec/carpet/train/good/223.png,train,carpet,good,,
../../data/MVTec/carpet/train/good/224.png,train,carpet,good,,
../../data/MVTec/carpet/train/good/225.png,train,carpet,good,,
../../data/MVTec/carpet/train/good/226.png,train,carpet,good,,
../../data/MVTec/carpet/train/good/227.png,train,carpet,good,,
../../data/MVTec/carpet/train/good/228.png,train,carpet,good,,
../../data/MVTec/carpet/train/good/229.png,train,carpet,good,,
../../data/MVTec/carpet/train/good/230.png,train,carpet,good,,
../../data/MVTec/carpet/train/good/231.png,train,carpet,good,,
../../data/MVTec/carpet/train/good/232.png,train,carpet,good,,
../../data/MVTec/carpet/train/good/233.png,train,carpet,good,,
../../data/MVTec/carpet/train/good/234.png,train,carpet,good,,
../../data/MVTec/carpet/train/good/235.png,train,carpet,good,,
../../data/MVTec/carpet/train/good/236.png,train,carpet,good,,
../../data/MVTec/carpet/train/good/237.png,train,carpet,good,,
../../data/MVTec/carpet/train/good/238.png,train,carpet,good,,
../../data/MVTec/carpet/train/good/239.png,train,carpet,good,,
../../data/MVTec/carpet/train/good/240.png,train,carpet,good,,
../../data/MVTec/carpet/train/good/241.png,train,carpet,good,,
../../data/MVTec/carpet/train/good/242.png,train,carpet,good,,
../../data/MVTec/carpet/train/good/243.png,train,carpet,good,,
../../data/MVTec/carpet/train/good/244.png,train,carpet,good,,
../../data/MVTec/carpet/train/good/245.png,train,carpet,good,,
../../data/MVTec/carpet/train/good/246.png,train,carpet,good,,
../../data/MVTec/carpet/train/good/247.png,train,carpet,good,,
../../data/MVTec/carpet/train/good/248.png,train,carpet,good,,
../../data/MVTec/carpet/train/good/249.png,train,carpet,good,,
../../data/MVTec/carpet/train/good/250.png,train,carpet,good,,
../../data/MVTec/carpet/train/good/251.png,train,carpet,good,,
../../data/MVTec/carpet/train/good/252.png,train,carpet,good,,
../../data/MVTec/carpet/train/good/253.png,train,carpet,good,,
../../data/MVTec/carpet/train/good/254.png,train,carpet,good,,
../../data/MVTec/carpet/train/good/255.png,train,carpet,good,,
../../data/MVTec/carpet/train/good/256.png,train,carpet,good,,
../../data/MVTec/carpet/train/good/257.png,train,carpet,good,,
../../data/MVTec/carpet/train/good/258.png,train,carpet,good,,
../../data/MVTec/carpet/train/good/259.png,train,carpet,good,,
../../data/MVTec/carpet/train/good/260.png,train,carpet,good,,
../../data/MVTec/carpet/train/good/261.png,train,carpet,good,,
../../data/MVTec/carpet/train/good/262.png,train,carpet,good,,
../../data/MVTec/carpet/train/good/263.png,train,carpet,good,,
../../data/MVTec/carpet/train/good/264.png,train,carpet,good,,
../../data/MVTec/carpet/train/good/265.png,train,carpet,good,,
../../data/MVTec/carpet/train/good/266.png,train,carpet,good,,
../../data/MVTec/carpet/train/good/267.png,train,carpet,good,,
../../data/MVTec/carpet/train/good/268.png,train,carpet,good,,
../../data/MVTec/carpet/train/good/269.png,train,carpet,good,,
../../data/MVTec/carpet/train/good/270.png,train,carpet,good,,
../../data/MVTec/carpet/train/good/271.png,train,carpet,good,,
../../data/MVTec/carpet/train/good/272.png,train,carpet,good,,
../../data/MVTec/carpet/train/good/273.png,train,carpet,good,,
../../data/MVTec/carpet/train/good/274.png,train,carpet,good,,
../../data/MVTec/carpet/train/good/275.png,train,carpet,good,,
../../data/MVTec/carpet/train/good/276.png,train,carpet,good,,
../../data/MVTec/carpet/train/good/277.png,train,carpet,good,,
../../data/MVTec/carpet/train/good/278.png,train,carpet,good,,
../../data/MVTec/carpet/train/good/279.png,train,carpet,good,,
../../data/MVTec/carpet/test/color/000.png,validation,carpet,color,../../data/MVTec/carpet/ground_truth/color/000_mask.png,
../../data/MVTec/carpet/test/color/001.png,test,carpet,color,../../data/MVTec/carpet/ground_truth/color/001_mask.png,
../../data/MVTec/carpet/test/color/002.png,validation,carpet,color,../../data/MVTec/carpet/ground_truth/color/002_mask.png,
../../data/MVTec/carpet/test/color/003.png,test,carpet,color,../../data/MVTec/carpet/ground_truth/color/003_mask.png,
../../data/MVTec/carpet/test/color/004.png,validation,carpet,color,../../data/MVTec/carpet/ground_truth/color/004_mask.png,
../../data/MVTec/carpet/test/color/005.png,test,carpet,color,../../data/MVTec/carpet/ground_truth/color/005_mask.png,
../../data/MVTec/carpet/test/color/006.png,validation,carpet,color,../../data/MVTec/carpet/ground_truth/color/006_mask.png,
../../data/MVTec/carpet/test/color/007.png,test,carpet,color,../../data/MVTec/carpet/ground_truth/color/007_mask.png,
../../data/MVTec/carpet/test/color/008.png,validation,carpet,color,../../data/MVTec/carpet/ground_truth/color/008_mask.png,
../../data/MVTec/carpet/test/color/009.png,test,carpet,color,../../data/MVTec/carpet/ground_truth/color/009_mask.png,
../../data/MVTec/carpet/test/color/010.png,validation,carpet,color,../../data/MVTec/carpet/ground_truth/color/010_mask.png,
../../data/MVTec/carpet/test/color/011.png,test,carpet,color,../../data/MVTec/carpet/ground_truth/color/011_mask.png,
../../data/MVTec/carpet/test/color/012.png,validation,carpet,color,../../data/MVTec/carpet/ground_truth/color/012_mask.png,
../../data/MVTec/carpet/test/color/013.png,test,carpet,color,../../data/MVTec/carpet/ground_truth/color/013_mask.png,
../../data/MVTec/carpet/test/color/014.png,validation,carpet,color,../../data/MVTec/carpet/ground_truth/color/014_mask.png,
../../data/MVTec/carpet/test/color/015.png,test,carpet,color,../../data/MVTec/carpet/ground_truth/color/015_mask.png,
../../data/MVTec/carpet/test/color/016.png,validation,carpet,color,../../data/MVTec/carpet/ground_truth/color/016_mask.png,
../../data/MVTec/carpet/test/color/017.png,test,carpet,color,../../data/MVTec/carpet/ground_truth/color/017_mask.png,
../../data/MVTec/carpet/test/color/018.png,validation,carpet,color,../../data/MVTec/carpet/ground_truth/color/018_mask.png,
../../data/MVTec/carpet/test/cut/000.png,validation,carpet,cut,../../data/MVTec/carpet/ground_truth/cut/000_mask.png,
../../data/MVTec/carpet/test/cut/001.png,test,carpet,cut,../../data/MVTec/carpet/ground_truth/cut/001_mask.png,
../../data/MVTec/carpet/test/cut/002.png,validation,carpet,cut,../../data/MVTec/carpet/ground_truth/cut/002_mask.png,
../../data/MVTec/carpet/test/cut/003.png,test,carpet,cut,../../data/MVTec/carpet/ground_truth/cut/003_mask.png,
../../data/MVTec/carpet/test/cut/004.png,validation,carpet,cut,../../data/MVTec/carpet/ground_truth/cut/004_mask.png,
../../data/MVTec/carpet/test/cut/005.png,test,carpet,cut,../../data/MVTec/carpet/ground_truth/cut/005_mask.png,
../../data/MVTec/carpet/test/cut/006.png,validation,carpet,cut,../../data/MVTec/carpet/ground_truth/cut/006_mask.png,
../../data/MVTec/carpet/test/cut/007.png,test,carpet,cut,../../data/MVTec/carpet/ground_truth/cut/007_mask.png,
../../data/MVTec/carpet/test/cut/008.png,validation,carpet,cut,../../data/MVTec/carpet/ground_truth/cut/008_mask.png,
../../data/MVTec/carpet/test/cut/009.png,test,carpet,cut,../../data/MVTec/carpet/ground_truth/cut/009_mask.png,
../../data/MVTec/carpet/test/cut/010.png,validation,carpet,cut,../../data/MVTec/carpet/ground_truth/cut/010_mask.png,
../../data/MVTec/carpet/test/cut/011.png,test,carpet,cut,../../data/MVTec/carpet/ground_truth/cut/011_mask.png,
../../data/MVTec/carpet/test/cut/012.png,validation,carpet,cut,../../data/MVTec/carpet/ground_truth/cut/012_mask.png,
../../data/MVTec/carpet/test/cut/013.png,test,carpet,cut,../../data/MVTec/carpet/ground_truth/cut/013_mask.png,
../../data/MVTec/carpet/test/cut/014.png,validation,carpet,cut,../../data/MVTec/carpet/ground_truth/cut/014_mask.png,
../../data/MVTec/carpet/test/cut/015.png,test,carpet,cut,../../data/MVTec/carpet/ground_truth/cut/015_mask.png,
../../data/MVTec/carpet/test/cut/016.png,validation,carpet,cut,../../data/MVTec/carpet/ground_truth/cut/016_mask.png,
../../data/MVTec/carpet/test/good/000.png,validation,carpet,good,,
../../data/MVTec/carpet/test/good/001.png,test,carpet,good,,
../../data/MVTec/carpet/test/good/002.png,validation,carpet,good,,
../../data/MVTec/carpet/test/good/003.png,test,carpet,good,,
../../data/MVTec/carpet/test/good/004.png,validation,carpet,good,,
../../data/MVTec/carpet/test/good/005.png,test,carpet,good,,
../../data/MVTec/carpet/test/good/006.png,validation,carpet,good,,
../../data/MVTec/carpet/test/good/007.png,test,carpet,good,,
../../data/MVTec/carpet/test/good/008.png,validation,carpet,good,,
../../data/MVTec/carpet/test/good/009.png,test,carpet,good,,
../../data/MVTec/carpet/test/good/010.png,validation,carpet,good,,
../../data/MVTec/carpet/test/good/011.png,test,carpet,good,,
../../data/MVTec/carpet/test/good/012.png,validation,carpet,good,,
../../data/MVTec/carpet/test/good/013.png,test,carpet,good,,
../../data/MVTec/carpet/test/good/014.png,validation,carpet,good,,
../../data/MVTec/carpet/test/good/015.png,test,carpet,good,,
../../data/MVTec/carpet/test/good/016.png,validation,carpet,good,,
../../data/MVTec/carpet/test/good/017.png,test,carpet,good,,
../../data/MVTec/carpet/test/good/018.png,validation,carpet,good,,
../../data/MVTec/carpet/test/good/019.png,test,carpet,good,,
../../data/MVTec/carpet/test/good/020.png,validation,carpet,good,,
../../data/MVTec/carpet/test/good/021.png,test,carpet,good,,
../../data/MVTec/carpet/test/good/022.png,validation,carpet,good,,
../../data/MVTec/carpet/test/good/023.png,test,carpet,good,,
../../data/MVTec/carpet/test/good/024.png,validation,carpet,good,,
../../data/MVTec/carpet/test/good/025.png,test,carpet,good,,
../../data/MVTec/carpet/test/good/026.png,validation,carpet,good,,
../../data/MVTec/carpet/test/good/027.png,test,carpet,good,,
../../data/MVTec/carpet/test/hole/000.png,validation,carpet,hole,../../data/MVTec/carpet/ground_truth/hole/000_mask.png,
../../data/MVTec/carpet/test/hole/001.png,test,carpet,hole,../../data/MVTec/carpet/ground_truth/hole/001_mask.png,
../../data/MVTec/carpet/test/hole/002.png,validation,carpet,hole,../../data/MVTec/carpet/ground_truth/hole/002_mask.png,
../../data/MVTec/carpet/test/hole/003.png,test,carpet,hole,../../data/MVTec/carpet/ground_truth/hole/003_mask.png,
../../data/MVTec/carpet/test/hole/004.png,validation,carpet,hole,../../data/MVTec/carpet/ground_truth/hole/004_mask.png,
../../data/MVTec/carpet/test/hole/005.png,test,carpet,hole,../../data/MVTec/carpet/ground_truth/hole/005_mask.png,
../../data/MVTec/carpet/test/hole/006.png,validation,carpet,hole,../../data/MVTec/carpet/ground_truth/hole/006_mask.png,
../../data/MVTec/carpet/test/hole/007.png,test,carpet,hole,../../data/MVTec/carpet/ground_truth/hole/007_mask.png,
../../data/MVTec/carpet/test/hole/008.png,validation,carpet,hole,../../data/MVTec/carpet/ground_truth/hole/008_mask.png,
../../data/MVTec/carpet/test/hole/009.png,test,carpet,hole,../../data/MVTec/carpet/ground_truth/hole/009_mask.png,
../../data/MVTec/carpet/test/hole/010.png,validation,carpet,hole,../../data/MVTec/carpet/ground_truth/hole/010_mask.png,
../../data/MVTec/carpet/test/hole/011.png,test,carpet,hole,../../data/MVTec/carpet/ground_truth/hole/011_mask.png,
../../data/MVTec/carpet/test/hole/012.png,validation,carpet,hole,../../data/MVTec/carpet/ground_truth/hole/012_mask.png,
../../data/MVTec/carpet/test/hole/013.png,test,carpet,hole,../../data/MVTec/carpet/ground_truth/hole/013_mask.png,
../../data/MVTec/carpet/test/hole/014.png,validation,carpet,hole,../../data/MVTec/carpet/ground_truth/hole/014_mask.png,
../../data/MVTec/carpet/test/hole/015.png,test,carpet,hole,../../data/MVTec/carpet/ground_truth/hole/015_mask.png,
../../data/MVTec/carpet/test/hole/016.png,validation,carpet,hole,../../data/MVTec/carpet/ground_truth/hole/016_mask.png,
../../data/MVTec/carpet/test/metal_contamination/000.png,validation,carpet,metal_contamination,../../data/MVTec/carpet/ground_truth/metal_contamination/000_mask.png,
../../data/MVTec/carpet/test/metal_contamination/001.png,test,carpet,metal_contamination,../../data/MVTec/carpet/ground_truth/metal_contamination/001_mask.png,
../../data/MVTec/carpet/test/metal_contamination/002.png,validation,carpet,metal_contamination,../../data/MVTec/carpet/ground_truth/metal_contamination/002_mask.png,
../../data/MVTec/carpet/test/metal_contamination/003.png,test,carpet,metal_contamination,../../data/MVTec/carpet/ground_truth/metal_contamination/003_mask.png,
../../data/MVTec/carpet/test/metal_contamination/004.png,validation,carpet,metal_contamination,../../data/MVTec/carpet/ground_truth/metal_contamination/004_mask.png,
../../data/MVTec/carpet/test/metal_contamination/005.png,test,carpet,metal_contamination,../../data/MVTec/carpet/ground_truth/metal_contamination/005_mask.png,
../../data/MVTec/carpet/test/metal_contamination/006.png,validation,carpet,metal_contamination,../../data/MVTec/carpet/ground_truth/metal_contamination/006_mask.png,
../../data/MVTec/carpet/test/metal_contamination/007.png,test,carpet,metal_contamination,../../data/MVTec/carpet/ground_truth/metal_contamination/007_mask.png,
../../data/MVTec/carpet/test/metal_contamination/008.png,validation,carpet,metal_contamination,../../data/MVTec/carpet/ground_truth/metal_contamination/008_mask.png,
../../data/MVTec/carpet/test/metal_contamination/009.png,test,carpet,metal_contamination,../../data/MVTec/carpet/ground_truth/metal_contamination/009_mask.png,
../../data/MVTec/carpet/test/metal_contamination/010.png,validation,carpet,metal_contamination,../../data/MVTec/carpet/ground_truth/metal_contamination/010_mask.png,
../../data/MVTec/carpet/test/metal_contamination/011.png,test,carpet,metal_contamination,../../data/MVTec/carpet/ground_truth/metal_contamination/011_mask.png,
../../data/MVTec/carpet/test/metal_contamination/012.png,validation,carpet,metal_contamination,../../data/MVTec/carpet/ground_truth/metal_contamination/012_mask.png,
../../data/MVTec/carpet/test/metal_contamination/013.png,test,carpet,metal_contamination,../../data/MVTec/carpet/ground_truth/metal_contamination/013_mask.png,
../../data/MVTec/carpet/test/metal_contamination/014.png,validation,carpet,metal_contamination,../../data/MVTec/carpet/ground_truth/metal_contamination/014_mask.png,
../../data/MVTec/carpet/test/metal_contamination/015.png,test,carpet,metal_contamination,../../data/MVTec/carpet/ground_truth/metal_contamination/015_mask.png,
../../data/MVTec/carpet/test/metal_contamination/016.png,validation,carpet,metal_contamination,../../data/MVTec/carpet/ground_truth/metal_contamination/016_mask.png,
../../data/MVTec/carpet/test/thread/000.png,validation,carpet,thread,../../data/MVTec/carpet/ground_truth/thread/000_mask.png,
../../data/MVTec/carpet/test/thread/001.png,test,carpet,thread,../../data/MVTec/carpet/ground_truth/thread/001_mask.png,
../../data/MVTec/carpet/test/thread/002.png,validation,carpet,thread,../../data/MVTec/carpet/ground_truth/thread/002_mask.png,
../../data/MVTec/carpet/test/thread/003.png,test,carpet,thread,../../data/MVTec/carpet/ground_truth/thread/003_mask.png,
../../data/MVTec/carpet/test/thread/004.png,validation,carpet,thread,../../data/MVTec/carpet/ground_truth/thread/004_mask.png,
../../data/MVTec/carpet/test/thread/005.png,test,carpet,thread,../../data/MVTec/carpet/ground_truth/thread/005_mask.png,
../../data/MVTec/carpet/test/thread/006.png,validation,carpet,thread,../../data/MVTec/carpet/ground_truth/thread/006_mask.png,
../../data/MVTec/carpet/test/thread/007.png,test,carpet,thread,../../data/MVTec/carpet/ground_truth/thread/007_mask.png,
../../data/MVTec/carpet/test/thread/008.png,validation,carpet,thread,../../data/MVTec/carpet/ground_truth/thread/008_mask.png,
../../data/MVTec/carpet/test/thread/009.png,test,carpet,thread,../../data/MVTec/carpet/ground_truth/thread/009_mask.png,
../../data/MVTec/carpet/test/thread/010.png,validation,carpet,thread,../../data/MVTec/carpet/ground_truth/thread/010_mask.png,
../../data/MVTec/carpet/test/thread/011.png,test,carpet,thread,../../data/MVTec/carpet/ground_truth/thread/011_mask.png,
../../data/MVTec/carpet/test/thread/012.png,validation,carpet,thread,../../data/MVTec/carpet/ground_truth/thread/012_mask.png,
../../data/MVTec/carpet/test/thread/013.png,test,carpet,thread,../../data/MVTec/carpet/ground_truth/thread/013_mask.png,
../../data/MVTec/carpet/test/thread/014.png,validation,carpet,thread,../../data/MVTec/carpet/ground_truth/thread/014_mask.png,
../../data/MVTec/carpet/test/thread/015.png,test,carpet,thread,../../data/MVTec/carpet/ground_truth/thread/015_mask.png,
../../data/MVTec/carpet/test/thread/016.png,validation,carpet,thread,../../data/MVTec/carpet/ground_truth/thread/016_mask.png,
../../data/MVTec/carpet/test/thread/017.png,test,carpet,thread,../../data/MVTec/carpet/ground_truth/thread/017_mask.png,
../../data/MVTec/carpet/test/thread/018.png,validation,carpet,thread,../../data/MVTec/carpet/ground_truth/thread/018_mask.png,
../../data/MVTec/grid/train/good/000.png,train,grid,good,,
../../data/MVTec/grid/train/good/001.png,train,grid,good,,
../../data/MVTec/grid/train/good/002.png,train,grid,good,,
../../data/MVTec/grid/train/good/003.png,train,grid,good,,
../../data/MVTec/grid/train/good/004.png,train,grid,good,,
../../data/MVTec/grid/train/good/005.png,train,grid,good,,
../../data/MVTec/grid/train/good/006.png,train,grid,good,,
../../data/MVTec/grid/train/good/007.png,train,grid,good,,
../../data/MVTec/grid/train/good/008.png,train,grid,good,,
../../data/MVTec/grid/train/good/009.png,train,grid,good,,
../../data/MVTec/grid/train/good/010.png,train,grid,good,,
../../data/MVTec/grid/train/good/011.png,train,grid,good,,
../../data/MVTec/grid/train/good/012.png,train,grid,good,,
../../data/MVTec/grid/train/good/013.png,train,grid,good,,
../../data/MVTec/grid/train/good/014.png,train,grid,good,,
../../data/MVTec/grid/train/good/015.png,train,grid,good,,
../../data/MVTec/grid/train/good/016.png,train,grid,good,,
../../data/MVTec/grid/train/good/017.png,train,grid,good,,
../../data/MVTec/grid/train/good/018.png,train,grid,good,,
../../data/MVTec/grid/train/good/019.png,train,grid,good,,
../../data/MVTec/grid/train/good/020.png,train,grid,good,,
../../data/MVTec/grid/train/good/021.png,train,grid,good,,
../../data/MVTec/grid/train/good/022.png,train,grid,good,,
../../data/MVTec/grid/train/good/023.png,train,grid,good,,
../../data/MVTec/grid/train/good/024.png,train,grid,good,,
../../data/MVTec/grid/train/good/025.png,train,grid,good,,
../../data/MVTec/grid/train/good/026.png,train,grid,good,,
../../data/MVTec/grid/train/good/027.png,train,grid,good,,
../../data/MVTec/grid/train/good/028.png,train,grid,good,,
../../data/MVTec/grid/train/good/029.png,train,grid,good,,
../../data/MVTec/grid/train/good/030.png,train,grid,good,,
../../data/MVTec/grid/train/good/031.png,train,grid,good,,
../../data/MVTec/grid/train/good/032.png,train,grid,good,,
../../data/MVTec/grid/train/good/033.png,train,grid,good,,
../../data/MVTec/grid/train/good/034.png,train,grid,good,,
../../data/MVTec/grid/train/good/035.png,train,grid,good,,
../../data/MVTec/grid/train/good/036.png,train,grid,good,,
../../data/MVTec/grid/train/good/037.png,train,grid,good,,
../../data/MVTec/grid/train/good/038.png,train,grid,good,,
../../data/MVTec/grid/train/good/039.png,train,grid,good,,
../../data/MVTec/grid/train/good/040.png,train,grid,good,,
../../data/MVTec/grid/train/good/041.png,train,grid,good,,
../../data/MVTec/grid/train/good/042.png,train,grid,good,,
../../data/MVTec/grid/train/good/043.png,train,grid,good,,
../../data/MVTec/grid/train/good/044.png,train,grid,good,,
../../data/MVTec/grid/train/good/045.png,train,grid,good,,
../../data/MVTec/grid/train/good/046.png,train,grid,good,,
../../data/MVTec/grid/train/good/047.png,train,grid,good,,
../../data/MVTec/grid/train/good/048.png,train,grid,good,,
../../data/MVTec/grid/train/good/049.png,train,grid,good,,
../../data/MVTec/grid/train/good/050.png,train,grid,good,,
../../data/MVTec/grid/train/good/051.png,train,grid,good,,
../../data/MVTec/grid/train/good/052.png,train,grid,good,,
../../data/MVTec/grid/train/good/053.png,train,grid,good,,
../../data/MVTec/grid/train/good/054.png,train,grid,good,,
../../data/MVTec/grid/train/good/055.png,train,grid,good,,
../../data/MVTec/grid/train/good/056.png,train,grid,good,,
../../data/MVTec/grid/train/good/057.png,train,grid,good,,
../../data/MVTec/grid/train/good/058.png,train,grid,good,,
../../data/MVTec/grid/train/good/059.png,train,grid,good,,
../../data/MVTec/grid/train/good/060.png,train,grid,good,,
../../data/MVTec/grid/train/good/061.png,train,grid,good,,
../../data/MVTec/grid/train/good/062.png,train,grid,good,,
../../data/MVTec/grid/train/good/063.png,train,grid,good,,
../../data/MVTec/grid/train/good/064.png,train,grid,good,,
../../data/MVTec/grid/train/good/065.png,train,grid,good,,
../../data/MVTec/grid/train/good/066.png,train,grid,good,,
../../data/MVTec/grid/train/good/067.png,train,grid,good,,
../../data/MVTec/grid/train/good/068.png,train,grid,good,,
../../data/MVTec/grid/train/good/069.png,train,grid,good,,
../../data/MVTec/grid/train/good/070.png,train,grid,good,,
../../data/MVTec/grid/train/good/071.png,train,grid,good,,
../../data/MVTec/grid/train/good/072.png,train,grid,good,,
../../data/MVTec/grid/train/good/073.png,train,grid,good,,
../../data/MVTec/grid/train/good/074.png,train,grid,good,,
../../data/MVTec/grid/train/good/075.png,train,grid,good,,
../../data/MVTec/grid/train/good/076.png,train,grid,good,,
../../data/MVTec/grid/train/good/077.png,train,grid,good,,
../../data/MVTec/grid/train/good/078.png,train,grid,good,,
../../data/MVTec/grid/train/good/079.png,train,grid,good,,
../../data/MVTec/grid/train/good/080.png,train,grid,good,,
../../data/MVTec/grid/train/good/081.png,train,grid,good,,
../../data/MVTec/grid/train/good/082.png,train,grid,good,,
../../data/MVTec/grid/train/good/083.png,train,grid,good,,
../../data/MVTec/grid/train/good/084.png,train,grid,good,,
../../data/MVTec/grid/train/good/085.png,train,grid,good,,
../../data/MVTec/grid/train/good/086.png,train,grid,good,,
../../data/MVTec/grid/train/good/087.png,train,grid,good,,
../../data/MVTec/grid/train/good/088.png,train,grid,good,,
../../data/MVTec/grid/train/good/089.png,train,grid,good,,
../../data/MVTec/grid/train/good/090.png,train,grid,good,,
../../data/MVTec/grid/train/good/091.png,train,grid,good,,
../../data/MVTec/grid/train/good/092.png,train,grid,good,,
../../data/MVTec/grid/train/good/093.png,train,grid,good,,
../../data/MVTec/grid/train/good/094.png,train,grid,good,,
../../data/MVTec/grid/train/good/095.png,train,grid,good,,
../../data/MVTec/grid/train/good/096.png,train,grid,good,,
../../data/MVTec/grid/train/good/097.png,train,grid,good,,
../../data/MVTec/grid/train/good/098.png,train,grid,good,,
../../data/MVTec/grid/train/good/099.png,train,grid,good,,
../../data/MVTec/grid/train/good/100.png,train,grid,good,,
../../data/MVTec/grid/train/good/101.png,train,grid,good,,
../../data/MVTec/grid/train/good/102.png,train,grid,good,,
../../data/MVTec/grid/train/good/103.png,train,grid,good,,
../../data/MVTec/grid/train/good/104.png,train,grid,good,,
../../data/MVTec/grid/train/good/105.png,train,grid,good,,
../../data/MVTec/grid/train/good/106.png,train,grid,good,,
../../data/MVTec/grid/train/good/107.png,train,grid,good,,
../../data/MVTec/grid/train/good/108.png,train,grid,good,,
../../data/MVTec/grid/train/good/109.png,train,grid,good,,
../../data/MVTec/grid/train/good/110.png,train,grid,good,,
../../data/MVTec/grid/train/good/111.png,train,grid,good,,
../../data/MVTec/grid/train/good/112.png,train,grid,good,,
../../data/MVTec/grid/train/good/113.png,train,grid,good,,
../../data/MVTec/grid/train/good/114.png,train,grid,good,,
../../data/MVTec/grid/train/good/115.png,train,grid,good,,
../../data/MVTec/grid/train/good/116.png,train,grid,good,,
../../data/MVTec/grid/train/good/117.png,train,grid,good,,
../../data/MVTec/grid/train/good/118.png,train,grid,good,,
../../data/MVTec/grid/train/good/119.png,train,grid,good,,
../../data/MVTec/grid/train/good/120.png,train,grid,good,,
../../data/MVTec/grid/train/good/121.png,train,grid,good,,
../../data/MVTec/grid/train/good/122.png,train,grid,good,,
../../data/MVTec/grid/train/good/123.png,train,grid,good,,
../../data/MVTec/grid/train/good/124.png,train,grid,good,,
../../data/MVTec/grid/train/good/125.png,train,grid,good,,
../../data/MVTec/grid/train/good/126.png,train,grid,good,,
../../data/MVTec/grid/train/good/127.png,train,grid,good,,
../../data/MVTec/grid/train/good/128.png,train,grid,good,,
../../data/MVTec/grid/train/good/129.png,train,grid,good,,
../../data/MVTec/grid/train/good/130.png,train,grid,good,,
../../data/MVTec/grid/train/good/131.png,train,grid,good,,
../../data/MVTec/grid/train/good/132.png,train,grid,good,,
../../data/MVTec/grid/train/good/133.png,train,grid,good,,
../../data/MVTec/grid/train/good/134.png,train,grid,good,,
../../data/MVTec/grid/train/good/135.png,train,grid,good,,
../../data/MVTec/grid/train/good/136.png,train,grid,good,,
../../data/MVTec/grid/train/good/137.png,train,grid,good,,
../../data/MVTec/grid/train/good/138.png,train,grid,good,,
../../data/MVTec/grid/train/good/139.png,train,grid,good,,
../../data/MVTec/grid/train/good/140.png,train,grid,good,,
../../data/MVTec/grid/train/good/141.png,train,grid,good,,
../../data/MVTec/grid/train/good/142.png,train,grid,good,,
../../data/MVTec/grid/train/good/143.png,train,grid,good,,
../../data/MVTec/grid/train/good/144.png,train,grid,good,,
../../data/MVTec/grid/train/good/145.png,train,grid,good,,
../../data/MVTec/grid/train/good/146.png,train,grid,good,,
../../data/MVTec/grid/train/good/147.png,train,grid,good,,
../../data/MVTec/grid/train/good/148.png,train,grid,good,,
../../data/MVTec/grid/train/good/149.png,train,grid,good,,
../../data/MVTec/grid/train/good/150.png,train,grid,good,,
../../data/MVTec/grid/train/good/151.png,train,grid,good,,
../../data/MVTec/grid/train/good/152.png,train,grid,good,,
../../data/MVTec/grid/train/good/153.png,train,grid,good,,
../../data/MVTec/grid/train/good/154.png,train,grid,good,,
../../data/MVTec/grid/train/good/155.png,train,grid,good,,
../../data/MVTec/grid/train/good/156.png,train,grid,good,,
../../data/MVTec/grid/train/good/157.png,train,grid,good,,
../../data/MVTec/grid/train/good/158.png,train,grid,good,,
../../data/MVTec/grid/train/good/159.png,train,grid,good,,
../../data/MVTec/grid/train/good/160.png,train,grid,good,,
../../data/MVTec/grid/train/good/161.png,train,grid,good,,
../../data/MVTec/grid/train/good/162.png,train,grid,good,,
../../data/MVTec/grid/train/good/163.png,train,grid,good,,
../../data/MVTec/grid/train/good/164.png,train,grid,good,,
../../data/MVTec/grid/train/good/165.png,train,grid,good,,
../../data/MVTec/grid/train/good/166.png,train,grid,good,,
../../data/MVTec/grid/train/good/167.png,train,grid,good,,
../../data/MVTec/grid/train/good/168.png,train,grid,good,,
../../data/MVTec/grid/train/good/169.png,train,grid,good,,
../../data/MVTec/grid/train/good/170.png,train,grid,good,,
../../data/MVTec/grid/train/good/171.png,train,grid,good,,
../../data/MVTec/grid/train/good/172.png,train,grid,good,,
../../data/MVTec/grid/train/good/173.png,train,grid,good,,
../../data/MVTec/grid/train/good/174.png,train,grid,good,,
../../data/MVTec/grid/train/good/175.png,train,grid,good,,
../../data/MVTec/grid/train/good/176.png,train,grid,good,,
../../data/MVTec/grid/train/good/177.png,train,grid,good,,
../../data/MVTec/grid/train/good/178.png,train,grid,good,,
../../data/MVTec/grid/train/good/179.png,train,grid,good,,
../../data/MVTec/grid/train/good/180.png,train,grid,good,,
../../data/MVTec/grid/train/good/181.png,train,grid,good,,
../../data/MVTec/grid/train/good/182.png,train,grid,good,,
../../data/MVTec/grid/train/good/183.png,train,grid,good,,
../../data/MVTec/grid/train/good/184.png,train,grid,good,,
../../data/MVTec/grid/train/good/185.png,train,grid,good,,
../../data/MVTec/grid/train/good/186.png,train,grid,good,,
../../data/MVTec/grid/train/good/187.png,train,grid,good,,
../../data/MVTec/grid/train/good/188.png,train,grid,good,,
../../data/MVTec/grid/train/good/189.png,train,grid,good,,
../../data/MVTec/grid/train/good/190.png,train,grid,good,,
../../data/MVTec/grid/train/good/191.png,train,grid,good,,
../../data/MVTec/grid/train/good/192.png,train,grid,good,,
../../data/MVTec/grid/train/good/193.png,train,grid,good,,
../../data/MVTec/grid/train/good/194.png,train,grid,good,,
../../data/MVTec/grid/train/good/195.png,train,grid,good,,
../../data/MVTec/grid/train/good/196.png,train,grid,good,,
../../data/MVTec/grid/train/good/197.png,train,grid,good,,
../../data/MVTec/grid/train/good/198.png,train,grid,good,,
../../data/MVTec/grid/train/good/199.png,train,grid,good,,
../../data/MVTec/grid/train/good/200.png,train,grid,good,,
../../data/MVTec/grid/train/good/201.png,train,grid,good,,
../../data/MVTec/grid/train/good/202.png,train,grid,good,,
../../data/MVTec/grid/train/good/203.png,train,grid,good,,
../../data/MVTec/grid/train/good/204.png,train,grid,good,,
../../data/MVTec/grid/train/good/205.png,train,grid,good,,
../../data/MVTec/grid/train/good/206.png,train,grid,good,,
../../data/MVTec/grid/train/good/207.png,train,grid,good,,
../../data/MVTec/grid/train/good/208.png,train,grid,good,,
../../data/MVTec/grid/train/good/209.png,train,grid,good,,
../../data/MVTec/grid/train/good/210.png,train,grid,good,,
../../data/MVTec/grid/train/good/211.png,train,grid,good,,
../../data/MVTec/grid/train/good/212.png,train,grid,good,,
../../data/MVTec/grid/train/good/213.png,train,grid,good,,
../../data/MVTec/grid/train/good/214.png,train,grid,good,,
../../data/MVTec/grid/train/good/215.png,train,grid,good,,
../../data/MVTec/grid/train/good/216.png,train,grid,good,,
../../data/MVTec/grid/train/good/217.png,train,grid,good,,
../../data/MVTec/grid/train/good/218.png,train,grid,good,,
../../data/MVTec/grid/train/good/219.png,train,grid,good,,
../../data/MVTec/grid/train/good/220.png,train,grid,good,,
../../data/MVTec/grid/train/good/221.png,train,grid,good,,
../../data/MVTec/grid/train/good/222.png,train,grid,good,,
../../data/MVTec/grid/train/good/223.png,train,grid,good,,
../../data/MVTec/grid/train/good/224.png,train,grid,good,,
../../data/MVTec/grid/train/good/225.png,train,grid,good,,
../../data/MVTec/grid/train/good/226.png,train,grid,good,,
../../data/MVTec/grid/train/good/227.png,train,grid,good,,
../../data/MVTec/grid/train/good/228.png,train,grid,good,,
../../data/MVTec/grid/train/good/229.png,train,grid,good,,
../../data/MVTec/grid/train/good/230.png,train,grid,good,,
../../data/MVTec/grid/train/good/231.png,train,grid,good,,
../../data/MVTec/grid/train/good/232.png,train,grid,good,,
../../data/MVTec/grid/train/good/233.png,train,grid,good,,
../../data/MVTec/grid/train/good/234.png,train,grid,good,,
../../data/MVTec/grid/train/good/235.png,train,grid,good,,
../../data/MVTec/grid/train/good/236.png,train,grid,good,,
../../data/MVTec/grid/train/good/237.png,train,grid,good,,
../../data/MVTec/grid/train/good/238.png,train,grid,good,,
../../data/MVTec/grid/train/good/239.png,train,grid,good,,
../../data/MVTec/grid/train/good/240.png,train,grid,good,,
../../data/MVTec/grid/train/good/241.png,train,grid,good,,
../../data/MVTec/grid/train/good/242.png,train,grid,good,,
../../data/MVTec/grid/train/good/243.png,train,grid,good,,
../../data/MVTec/grid/train/good/244.png,train,grid,good,,
../../data/MVTec/grid/train/good/245.png,train,grid,good,,
../../data/MVTec/grid/train/good/246.png,train,grid,good,,
../../data/MVTec/grid/train/good/247.png,train,grid,good,,
../../data/MVTec/grid/train/good/248.png,train,grid,good,,
../../data/MVTec/grid/train/good/249.png,train,grid,good,,
../../data/MVTec/grid/train/good/250.png,train,grid,good,,
../../data/MVTec/grid/train/good/251.png,train,grid,good,,
../../data/MVTec/grid/train/good/252.png,train,grid,good,,
../../data/MVTec/grid/train/good/253.png,train,grid,good,,
../../data/MVTec/grid/train/good/254.png,train,grid,good,,
../../data/MVTec/grid/train/good/255.png,train,grid,good,,
../../data/MVTec/grid/train/good/256.png,train,grid,good,,
../../data/MVTec/grid/train/good/257.png,train,grid,good,,
../../data/MVTec/grid/train/good/258.png,train,grid,good,,
../../data/MVTec/grid/train/good/259.png,train,grid,good,,
../../data/MVTec/grid/train/good/260.png,train,grid,good,,
../../data/MVTec/grid/train/good/261.png,train,grid,good,,
../../data/MVTec/grid/train/good/262.png,train,grid,good,,
../../data/MVTec/grid/train/good/263.png,train,grid,good,,
../../data/MVTec/grid/test/bent/000.png,validation,grid,bent,../../data/MVTec/grid/ground_truth/bent/000_mask.png,
../../data/MVTec/grid/test/bent/001.png,test,grid,bent,../../data/MVTec/grid/ground_truth/bent/001_mask.png,
../../data/MVTec/grid/test/bent/002.png,validation,grid,bent,../../data/MVTec/grid/ground_truth/bent/002_mask.png,
../../data/MVTec/grid/test/bent/003.png,test,grid,bent,../../data/MVTec/grid/ground_truth/bent/003_mask.png,
../../data/MVTec/grid/test/bent/004.png,validation,grid,bent,../../data/MVTec/grid/ground_truth/bent/004_mask.png,
../../data/MVTec/grid/test/bent/005.png,test,grid,bent,../../data/MVTec/grid/ground_truth/bent/005_mask.png,
../../data/MVTec/grid/test/bent/006.png,validation,grid,bent,../../data/MVTec/grid/ground_truth/bent/006_mask.png,
../../data/MVTec/grid/test/bent/007.png,test,grid,bent,../../data/MVTec/grid/ground_truth/bent/007_mask.png,
../../data/MVTec/grid/test/bent/008.png,validation,grid,bent,../../data/MVTec/grid/ground_truth/bent/008_mask.png,
../../data/MVTec/grid/test/bent/009.png,test,grid,bent,../../data/MVTec/grid/ground_truth/bent/009_mask.png,
../../data/MVTec/grid/test/bent/010.png,validation,grid,bent,../../data/MVTec/grid/ground_truth/bent/010_mask.png,
../../data/MVTec/grid/test/bent/011.png,test,grid,bent,../../data/MVTec/grid/ground_truth/bent/011_mask.png,
../../data/MVTec/grid/test/broken/000.png,validation,grid,broken,../../data/MVTec/grid/ground_truth/broken/000_mask.png,
../../data/MVTec/grid/test/broken/001.png,test,grid,broken,../../data/MVTec/grid/ground_truth/broken/001_mask.png,
../../data/MVTec/grid/test/broken/002.png,validation,grid,broken,../../data/MVTec/grid/ground_truth/broken/002_mask.png,
../../data/MVTec/grid/test/broken/003.png,test,grid,broken,../../data/MVTec/grid/ground_truth/broken/003_mask.png,
../../data/MVTec/grid/test/broken/004.png,validation,grid,broken,../../data/MVTec/grid/ground_truth/broken/004_mask.png,
../../data/MVTec/grid/test/broken/005.png,test,grid,broken,../../data/MVTec/grid/ground_truth/broken/005_mask.png,
../../data/MVTec/grid/test/broken/006.png,validation,grid,broken,../../data/MVTec/grid/ground_truth/broken/006_mask.png,
../../data/MVTec/grid/test/broken/007.png,test,grid,broken,../../data/MVTec/grid/ground_truth/broken/007_mask.png,
../../data/MVTec/grid/test/broken/008.png,validation,grid,broken,../../data/MVTec/grid/ground_truth/broken/008_mask.png,
../../data/MVTec/grid/test/broken/009.png,test,grid,broken,../../data/MVTec/grid/ground_truth/broken/009_mask.png,
../../data/MVTec/grid/test/broken/010.png,validation,grid,broken,../../data/MVTec/grid/ground_truth/broken/010_mask.png,
../../data/MVTec/grid/test/broken/011.png,test,grid,broken,../../data/MVTec/grid/ground_truth/broken/011_mask.png,
../../data/MVTec/grid/test/glue/000.png,validation,grid,glue,../../data/MVTec/grid/ground_truth/glue/000_mask.png,
../../data/MVTec/grid/test/glue/001.png,test,grid,glue,../../data/MVTec/grid/ground_truth/glue/001_mask.png,
../../data/MVTec/grid/test/glue/002.png,validation,grid,glue,../../data/MVTec/grid/ground_truth/glue/002_mask.png,
../../data/MVTec/grid/test/glue/003.png,test,grid,glue,../../data/MVTec/grid/ground_truth/glue/003_mask.png,
../../data/MVTec/grid/test/glue/004.png,validation,grid,glue,../../data/MVTec/grid/ground_truth/glue/004_mask.png,
../../data/MVTec/grid/test/glue/005.png,test,grid,glue,../../data/MVTec/grid/ground_truth/glue/005_mask.png,
../../data/MVTec/grid/test/glue/006.png,validation,grid,glue,../../data/MVTec/grid/ground_truth/glue/006_mask.png,
../../data/MVTec/grid/test/glue/007.png,test,grid,glue,../../data/MVTec/grid/ground_truth/glue/007_mask.png,
../../data/MVTec/grid/test/glue/008.png,validation,grid,glue,../../data/MVTec/grid/ground_truth/glue/008_mask.png,
../../data/MVTec/grid/test/glue/009.png,test,grid,glue,../../data/MVTec/grid/ground_truth/glue/009_mask.png,
../../data/MVTec/grid/test/glue/010.png,validation,grid,glue,../../data/MVTec/grid/ground_truth/glue/010_mask.png,
../../data/MVTec/grid/test/good/000.png,validation,grid,good,,
../../data/MVTec/grid/test/good/001.png,test,grid,good,,
../../data/MVTec/grid/test/good/002.png,validation,grid,good,,
../../data/MVTec/grid/test/good/003.png,test,grid,good,,
../../data/MVTec/grid/test/good/004.png,validation,grid,good,,
../../data/MVTec/grid/test/good/005.png,test,grid,good,,
../../data/MVTec/grid/test/good/006.png,validation,grid,good,,
../../data/MVTec/grid/test/good/007.png,test,grid,good,,
../../data/MVTec/grid/test/good/008.png,validation,grid,good,,
../../data/MVTec/grid/test/good/009.png,test,grid,good,,
../../data/MVTec/grid/test/good/010.png,validation,grid,good,,
../../data/MVTec/grid/test/good/011.png,test,grid,good,,
../../data/MVTec/grid/test/good/012.png,validation,grid,good,,
../../data/MVTec/grid/test/good/013.png,test,grid,good,,
../../data/MVTec/grid/test/good/014.png,validation,grid,good,,
../../data/MVTec/grid/test/good/015.png,test,grid,good,,
../../data/MVTec/grid/test/good/016.png,validation,grid,good,,
../../data/MVTec/grid/test/good/017.png,test,grid,good,,
../../data/MVTec/grid/test/good/018.png,validation,grid,good,,
../../data/MVTec/grid/test/good/019.png,test,grid,good,,
../../data/MVTec/grid/test/good/020.png,validation,grid,good,,
../../data/MVTec/grid/test/metal_contamination/000.png,validation,grid,metal_contamination,../../data/MVTec/grid/ground_truth/metal_contamination/000_mask.png,
../../data/MVTec/grid/test/metal_contamination/001.png,test,grid,metal_contamination,../../data/MVTec/grid/ground_truth/metal_contamination/001_mask.png,
../../data/MVTec/grid/test/metal_contamination/002.png,validation,grid,metal_contamination,../../data/MVTec/grid/ground_truth/metal_contamination/002_mask.png,
../../data/MVTec/grid/test/metal_contamination/003.png,test,grid,metal_contamination,../../data/MVTec/grid/ground_truth/metal_contamination/003_mask.png,
../../data/MVTec/grid/test/metal_contamination/004.png,validation,grid,metal_contamination,../../data/MVTec/grid/ground_truth/metal_contamination/004_mask.png,
../../data/MVTec/grid/test/metal_contamination/005.png,test,grid,metal_contamination,../../data/MVTec/grid/ground_truth/metal_contamination/005_mask.png,
../../data/MVTec/grid/test/metal_contamination/006.png,validation,grid,metal_contamination,../../data/MVTec/grid/ground_truth/metal_contamination/006_mask.png,
../../data/MVTec/grid/test/metal_contamination/007.png,test,grid,metal_contamination,../../data/MVTec/grid/ground_truth/metal_contamination/007_mask.png,
../../data/MVTec/grid/test/metal_contamination/008.png,validation,grid,metal_contamination,../../data/MVTec/grid/ground_truth/metal_contamination/008_mask.png,
../../data/MVTec/grid/test/metal_contamination/009.png,test,grid,metal_contamination,../../data/MVTec/grid/ground_truth/metal_contamination/009_mask.png,
../../data/MVTec/grid/test/metal_contamination/010.png,validation,grid,metal_contamination,../../data/MVTec/grid/ground_truth/metal_contamination/010_mask.png,
../../data/MVTec/grid/test/thread/000.png,validation,grid,thread,../../data/MVTec/grid/ground_truth/thread/000_mask.png,
../../data/MVTec/grid/test/thread/001.png,test,grid,thread,../../data/MVTec/grid/ground_truth/thread/001_mask.png,
../../data/MVTec/grid/test/thread/002.png,validation,grid,thread,../../data/MVTec/grid/ground_truth/thread/002_mask.png,
../../data/MVTec/grid/test/thread/003.png,test,grid,thread,../../data/MVTec/grid/ground_truth/thread/003_mask.png,
../../data/MVTec/grid/test/thread/004.png,validation,grid,thread,../../data/MVTec/grid/ground_truth/thread/004_mask.png,
../../data/MVTec/grid/test/thread/005.png,test,grid,thread,../../data/MVTec/grid/ground_truth/thread/005_mask.png,
../../data/MVTec/grid/test/thread/006.png,validation,grid,thread,../../data/MVTec/grid/ground_truth/thread/006_mask.png,
../../data/MVTec/grid/test/thread/007.png,test,grid,thread,../../data/MVTec/grid/ground_truth/thread/007_mask.png,
../../data/MVTec/grid/test/thread/008.png,validation,grid,thread,../../data/MVTec/grid/ground_truth/thread/008_mask.png,
../../data/MVTec/grid/test/thread/009.png,test,grid,thread,../../data/MVTec/grid/ground_truth/thread/009_mask.png,
../../data/MVTec/grid/test/thread/010.png,validation,grid,thread,../../data/MVTec/grid/ground_truth/thread/010_mask.png,
../../data/MVTec/leather/train/good/000.png,train,leather,good,,
../../data/MVTec/leather/train/good/001.png,train,leather,good,,
../../data/MVTec/leather/train/good/002.png,train,leather,good,,
../../data/MVTec/leather/train/good/003.png,train,leather,good,,
../../data/MVTec/leather/train/good/004.png,train,leather,good,,
../../data/MVTec/leather/train/good/005.png,train,leather,good,,
../../data/MVTec/leather/train/good/006.png,train,leather,good,,
../../data/MVTec/leather/train/good/007.png,train,leather,good,,
../../data/MVTec/leather/train/good/008.png,train,leather,good,,
../../data/MVTec/leather/train/good/009.png,train,leather,good,,
../../data/MVTec/leather/train/good/010.png,train,leather,good,,
../../data/MVTec/leather/train/good/011.png,train,leather,good,,
../../data/MVTec/leather/train/good/012.png,train,leather,good,,
../../data/MVTec/leather/train/good/013.png,train,leather,good,,
../../data/MVTec/leather/train/good/014.png,train,leather,good,,
../../data/MVTec/leather/train/good/015.png,train,leather,good,,
../../data/MVTec/leather/train/good/016.png,train,leather,good,,
../../data/MVTec/leather/train/good/017.png,train,leather,good,,
../../data/MVTec/leather/train/good/018.png,train,leather,good,,
../../data/MVTec/leather/train/good/019.png,train,leather,good,,
../../data/MVTec/leather/train/good/020.png,train,leather,good,,
../../data/MVTec/leather/train/good/021.png,train,leather,good,,
../../data/MVTec/leather/train/good/022.png,train,leather,good,,
../../data/MVTec/leather/train/good/023.png,train,leather,good,,
../../data/MVTec/leather/train/good/024.png,train,leather,good,,
../../data/MVTec/leather/train/good/025.png,train,leather,good,,
../../data/MVTec/leather/train/good/026.png,train,leather,good,,
../../data/MVTec/leather/train/good/027.png,train,leather,good,,
../../data/MVTec/leather/train/good/028.png,train,leather,good,,
../../data/MVTec/leather/train/good/029.png,train,leather,good,,
../../data/MVTec/leather/train/good/030.png,train,leather,good,,
../../data/MVTec/leather/train/good/031.png,train,leather,good,,
../../data/MVTec/leather/train/good/032.png,train,leather,good,,
../../data/MVTec/leather/train/good/033.png,train,leather,good,,
../../data/MVTec/leather/train/good/034.png,train,leather,good,,
../../data/MVTec/leather/train/good/035.png,train,leather,good,,
../../data/MVTec/leather/train/good/036.png,train,leather,good,,
../../data/MVTec/leather/train/good/037.png,train,leather,good,,
../../data/MVTec/leather/train/good/038.png,train,leather,good,,
../../data/MVTec/leather/train/good/039.png,train,leather,good,,
../../data/MVTec/leather/train/good/040.png,train,leather,good,,
../../data/MVTec/leather/train/good/041.png,train,leather,good,,
../../data/MVTec/leather/train/good/042.png,train,leather,good,,
../../data/MVTec/leather/train/good/043.png,train,leather,good,,
../../data/MVTec/leather/train/good/044.png,train,leather,good,,
../../data/MVTec/leather/train/good/045.png,train,leather,good,,
../../data/MVTec/leather/train/good/046.png,train,leather,good,,
../../data/MVTec/leather/train/good/047.png,train,leather,good,,
../../data/MVTec/leather/train/good/048.png,train,leather,good,,
../../data/MVTec/leather/train/good/049.png,train,leather,good,,
../../data/MVTec/leather/train/good/050.png,train,leather,good,,
../../data/MVTec/leather/train/good/051.png,train,leather,good,,
../../data/MVTec/leather/train/good/052.png,train,leather,good,,
../../data/MVTec/leather/train/good/053.png,train,leather,good,,
../../data/MVTec/leather/train/good/054.png,train,leather,good,,
../../data/MVTec/leather/train/good/055.png,train,leather,good,,
../../data/MVTec/leather/train/good/056.png,train,leather,good,,
../../data/MVTec/leather/train/good/057.png,train,leather,good,,
../../data/MVTec/leather/train/good/058.png,train,leather,good,,
../../data/MVTec/leather/train/good/059.png,train,leather,good,,
../../data/MVTec/leather/train/good/060.png,train,leather,good,,
../../data/MVTec/leather/train/good/061.png,train,leather,good,,
../../data/MVTec/leather/train/good/062.png,train,leather,good,,
../../data/MVTec/leather/train/good/063.png,train,leather,good,,
../../data/MVTec/leather/train/good/064.png,train,leather,good,,
../../data/MVTec/leather/train/good/065.png,train,leather,good,,
../../data/MVTec/leather/train/good/066.png,train,leather,good,,
../../data/MVTec/leather/train/good/067.png,train,leather,good,,
../../data/MVTec/leather/train/good/068.png,train,leather,good,,
../../data/MVTec/leather/train/good/069.png,train,leather,good,,
../../data/MVTec/leather/train/good/070.png,train,leather,good,,
../../data/MVTec/leather/train/good/071.png,train,leather,good,,
../../data/MVTec/leather/train/good/072.png,train,leather,good,,
../../data/MVTec/leather/train/good/073.png,train,leather,good,,
../../data/MVTec/leather/train/good/074.png,train,leather,good,,
../../data/MVTec/leather/train/good/075.png,train,leather,good,,
../../data/MVTec/leather/train/good/076.png,train,leather,good,,
../../data/MVTec/leather/train/good/077.png,train,leather,good,,
../../data/MVTec/leather/train/good/078.png,train,leather,good,,
../../data/MVTec/leather/train/good/079.png,train,leather,good,,
../../data/MVTec/leather/train/good/080.png,train,leather,good,,
../../data/MVTec/leather/train/good/081.png,train,leather,good,,
../../data/MVTec/leather/train/good/082.png,train,leather,good,,
../../data/MVTec/leather/train/good/083.png,train,leather,good,,
../../data/MVTec/leather/train/good/084.png,train,leather,good,,
../../data/MVTec/leather/train/good/085.png,train,leather,good,,
../../data/MVTec/leather/train/good/086.png,train,leather,good,,
../../data/MVTec/leather/train/good/087.png,train,leather,good,,
../../data/MVTec/leather/train/good/088.png,train,leather,good,,
../../data/MVTec/leather/train/good/089.png,train,leather,good,,
../../data/MVTec/leather/train/good/090.png,train,leather,good,,
../../data/MVTec/leather/train/good/091.png,train,leather,good,,
../../data/MVTec/leather/train/good/092.png,train,leather,good,,
../../data/MVTec/leather/train/good/093.png,train,leather,good,,
../../data/MVTec/leather/train/good/094.png,train,leather,good,,
../../data/MVTec/leather/train/good/095.png,train,leather,good,,
../../data/MVTec/leather/train/good/096.png,train,leather,good,,
../../data/MVTec/leather/train/good/097.png,train,leather,good,,
../../data/MVTec/leather/train/good/098.png,train,leather,good,,
../../data/MVTec/leather/train/good/099.png,train,leather,good,,
../../data/MVTec/leather/train/good/100.png,train,leather,good,,
../../data/MVTec/leather/train/good/101.png,train,leather,good,,
../../data/MVTec/leather/train/good/102.png,train,leather,good,,
../../data/MVTec/leather/train/good/103.png,train,leather,good,,
../../data/MVTec/leather/train/good/104.png,train,leather,good,,
../../data/MVTec/leather/train/good/105.png,train,leather,good,,
../../data/MVTec/leather/train/good/106.png,train,leather,good,,
../../data/MVTec/leather/train/good/107.png,train,leather,good,,
../../data/MVTec/leather/train/good/108.png,train,leather,good,,
../../data/MVTec/leather/train/good/109.png,train,leather,good,,
../../data/MVTec/leather/train/good/110.png,train,leather,good,,
../../data/MVTec/leather/train/good/111.png,train,leather,good,,
../../data/MVTec/leather/train/good/112.png,train,leather,good,,
../../data/MVTec/leather/train/good/113.png,train,leather,good,,
../../data/MVTec/leather/train/good/114.png,train,leather,good,,
../../data/MVTec/leather/train/good/115.png,train,leather,good,,
../../data/MVTec/leather/train/good/116.png,train,leather,good,,
../../data/MVTec/leather/train/good/117.png,train,leather,good,,
../../data/MVTec/leather/train/good/118.png,train,leather,good,,
../../data/MVTec/leather/train/good/119.png,train,leather,good,,
../../data/MVTec/leather/train/good/120.png,train,leather,good,,
../../data/MVTec/leather/train/good/121.png,train,leather,good,,
../../data/MVTec/leather/train/good/122.png,train,leather,good,,
../../data/MVTec/leather/train/good/123.png,train,leather,good,,
../../data/MVTec/leather/train/good/124.png,train,leather,good,,
../../data/MVTec/leather/train/good/125.png,train,leather,good,,
../../data/MVTec/leather/train/good/126.png,train,leather,good,,
../../data/MVTec/leather/train/good/127.png,train,leather,good,,
../../data/MVTec/leather/train/good/128.png,train,leather,good,,
../../data/MVTec/leather/train/good/129.png,train,leather,good,,
../../data/MVTec/leather/train/good/130.png,train,leather,good,,
../../data/MVTec/leather/train/good/131.png,train,leather,good,,
../../data/MVTec/leather/train/good/132.png,train,leather,good,,
../../data/MVTec/leather/train/good/133.png,train,leather,good,,
../../data/MVTec/leather/train/good/134.png,train,leather,good,,
../../data/MVTec/leather/train/good/135.png,train,leather,good,,
../../data/MVTec/leather/train/good/136.png,train,leather,good,,
../../data/MVTec/leather/train/good/137.png,train,leather,good,,
../../data/MVTec/leather/train/good/138.png,train,leather,good,,
../../data/MVTec/leather/train/good/139.png,train,leather,good,,
../../data/MVTec/leather/train/good/140.png,train,leather,good,,
../../data/MVTec/leather/train/good/141.png,train,leather,good,,
../../data/MVTec/leather/train/good/142.png,train,leather,good,,
../../data/MVTec/leather/train/good/143.png,train,leather,good,,
../../data/MVTec/leather/train/good/144.png,train,leather,good,,
../../data/MVTec/leather/train/good/145.png,train,leather,good,,
../../data/MVTec/leather/train/good/146.png,train,leather,good,,
../../data/MVTec/leather/train/good/147.png,train,leather,good,,
../../data/MVTec/leather/train/good/148.png,train,leather,good,,
../../data/MVTec/leather/train/good/149.png,train,leather,good,,
../../data/MVTec/leather/train/good/150.png,train,leather,good,,
../../data/MVTec/leather/train/good/151.png,train,leather,good,,
../../data/MVTec/leather/train/good/152.png,train,leather,good,,
../../data/MVTec/leather/train/good/153.png,train,leather,good,,
../../data/MVTec/leather/train/good/154.png,train,leather,good,,
../../data/MVTec/leather/train/good/155.png,train,leather,good,,
../../data/MVTec/leather/train/good/156.png,train,leather,good,,
../../data/MVTec/leather/train/good/157.png,train,leather,good,,
../../data/MVTec/leather/train/good/158.png,train,leather,good,,
../../data/MVTec/leather/train/good/159.png,train,leather,good,,
../../data/MVTec/leather/train/good/160.png,train,leather,good,,
../../data/MVTec/leather/train/good/161.png,train,leather,good,,
../../data/MVTec/leather/train/good/162.png,train,leather,good,,
../../data/MVTec/leather/train/good/163.png,train,leather,good,,
../../data/MVTec/leather/train/good/164.png,train,leather,good,,
../../data/MVTec/leather/train/good/165.png,train,leather,good,,
../../data/MVTec/leather/train/good/166.png,train,leather,good,,
../../data/MVTec/leather/train/good/167.png,train,leather,good,,
../../data/MVTec/leather/train/good/168.png,train,leather,good,,
../../data/MVTec/leather/train/good/169.png,train,leather,good,,
../../data/MVTec/leather/train/good/170.png,train,leather,good,,
../../data/MVTec/leather/train/good/171.png,train,leather,good,,
../../data/MVTec/leather/train/good/172.png,train,leather,good,,
../../data/MVTec/leather/train/good/173.png,train,leather,good,,
../../data/MVTec/leather/train/good/174.png,train,leather,good,,
../../data/MVTec/leather/train/good/175.png,train,leather,good,,
../../data/MVTec/leather/train/good/176.png,train,leather,good,,
../../data/MVTec/leather/train/good/177.png,train,leather,good,,
../../data/MVTec/leather/train/good/178.png,train,leather,good,,
../../data/MVTec/leather/train/good/179.png,train,leather,good,,
../../data/MVTec/leather/train/good/180.png,train,leather,good,,
../../data/MVTec/leather/train/good/181.png,train,leather,good,,
../../data/MVTec/leather/train/good/182.png,train,leather,good,,
../../data/MVTec/leather/train/good/183.png,train,leather,good,,
../../data/MVTec/leather/train/good/184.png,train,leather,good,,
../../data/MVTec/leather/train/good/185.png,train,leather,good,,
../../data/MVTec/leather/train/good/186.png,train,leather,good,,
../../data/MVTec/leather/train/good/187.png,train,leather,good,,
../../data/MVTec/leather/train/good/188.png,train,leather,good,,
../../data/MVTec/leather/train/good/189.png,train,leather,good,,
../../data/MVTec/leather/train/good/190.png,train,leather,good,,
../../data/MVTec/leather/train/good/191.png,train,leather,good,,
../../data/MVTec/leather/train/good/192.png,train,leather,good,,
../../data/MVTec/leather/train/good/193.png,train,leather,good,,
../../data/MVTec/leather/train/good/194.png,train,leather,good,,
../../data/MVTec/leather/train/good/195.png,train,leather,good,,
../../data/MVTec/leather/train/good/196.png,train,leather,good,,
../../data/MVTec/leather/train/good/197.png,train,leather,good,,
../../data/MVTec/leather/train/good/198.png,train,leather,good,,
../../data/MVTec/leather/train/good/199.png,train,leather,good,,
../../data/MVTec/leather/train/good/200.png,train,leather,good,,
../../data/MVTec/leather/train/good/201.png,train,leather,good,,
../../data/MVTec/leather/train/good/202.png,train,leather,good,,
../../data/MVTec/leather/train/good/203.png,train,leather,good,,
../../data/MVTec/leather/train/good/204.png,train,leather,good,,
../../data/MVTec/leather/train/good/205.png,train,leather,good,,
../../data/MVTec/leather/train/good/206.png,train,leather,good,,
../../data/MVTec/leather/train/good/207.png,train,leather,good,,
../../data/MVTec/leather/train/good/208.png,train,leather,good,,
../../data/MVTec/leather/train/good/209.png,train,leather,good,,
../../data/MVTec/leather/train/good/210.png,train,leather,good,,
../../data/MVTec/leather/train/good/211.png,train,leather,good,,
../../data/MVTec/leather/train/good/212.png,train,leather,good,,
../../data/MVTec/leather/train/good/213.png,train,leather,good,,
../../data/MVTec/leather/train/good/214.png,train,leather,good,,
../../data/MVTec/leather/train/good/215.png,train,leather,good,,
../../data/MVTec/leather/train/good/216.png,train,leather,good,,
../../data/MVTec/leather/train/good/217.png,train,leather,good,,
../../data/MVTec/leather/train/good/218.png,train,leather,good,,
../../data/MVTec/leather/train/good/219.png,train,leather,good,,
../../data/MVTec/leather/train/good/220.png,train,leather,good,,
../../data/MVTec/leather/train/good/221.png,train,leather,good,,
../../data/MVTec/leather/train/good/222.png,train,leather,good,,
../../data/MVTec/leather/train/good/223.png,train,leather,good,,
../../data/MVTec/leather/train/good/224.png,train,leather,good,,
../../data/MVTec/leather/train/good/225.png,train,leather,good,,
../../data/MVTec/leather/train/good/226.png,train,leather,good,,
../../data/MVTec/leather/train/good/227.png,train,leather,good,,
../../data/MVTec/leather/train/good/228.png,train,leather,good,,
../../data/MVTec/leather/train/good/229.png,train,leather,good,,
../../data/MVTec/leather/train/good/230.png,train,leather,good,,
../../data/MVTec/leather/train/good/231.png,train,leather,good,,
../../data/MVTec/leather/train/good/232.png,train,leather,good,,
../../data/MVTec/leather/train/good/233.png,train,leather,good,,
../../data/MVTec/leather/train/good/234.png,train,leather,good,,
../../data/MVTec/leather/train/good/235.png,train,leather,good,,
../../data/MVTec/leather/train/good/236.png,train,leather,good,,
../../data/MVTec/leather/train/good/237.png,train,leather,good,,
../../data/MVTec/leather/train/good/238.png,train,leather,good,,
../../data/MVTec/leather/train/good/239.png,train,leather,good,,
../../data/MVTec/leather/train/good/240.png,train,leather,good,,
../../data/MVTec/leather/train/good/241.png,train,leather,good,,
../../data/MVTec/leather/train/good/242.png,train,leather,good,,
../../data/MVTec/leather/train/good/243.png,train,leather,good,,
../../data/MVTec/leather/train/good/244.png,train,leather,good,,
../../data/MVTec/leather/test/color/000.png,validation,leather,color,../../data/MVTec/leather/ground_truth/color/000_mask.png,
../../data/MVTec/leather/test/color/001.png,test,leather,color,../../data/MVTec/leather/ground_truth/color/001_mask.png,
../../data/MVTec/leather/test/color/002.png,validation,leather,color,../../data/MVTec/leather/ground_truth/color/002_mask.png,
../../data/MVTec/leather/test/color/003.png,test,leather,color,../../data/MVTec/leather/ground_truth/color/003_mask.png,
../../data/MVTec/leather/test/color/004.png,validation,leather,color,../../data/MVTec/leather/ground_truth/color/004_mask.png,
../../data/MVTec/leather/test/color/005.png,test,leather,color,../../data/MVTec/leather/ground_truth/color/005_mask.png,
../../data/MVTec/leather/test/color/006.png,validation,leather,color,../../data/MVTec/leather/ground_truth/color/006_mask.png,
../../data/MVTec/leather/test/color/007.png,test,leather,color,../../data/MVTec/leather/ground_truth/color/007_mask.png,
../../data/MVTec/leather/test/color/008.png,validation,leather,color,../../data/MVTec/leather/ground_truth/color/008_mask.png,
../../data/MVTec/leather/test/color/009.png,test,leather,color,../../data/MVTec/leather/ground_truth/color/009_mask.png,
../../data/MVTec/leather/test/color/010.png,validation,leather,color,../../data/MVTec/leather/ground_truth/color/010_mask.png,
../../data/MVTec/leather/test/color/011.png,test,leather,color,../../data/MVTec/leather/ground_truth/color/011_mask.png,
../../data/MVTec/leather/test/color/012.png,validation,leather,color,../../data/MVTec/leather/ground_truth/color/012_mask.png,
../../data/MVTec/leather/test/color/013.png,test,leather,color,../../data/MVTec/leather/ground_truth/color/013_mask.png,
../../data/MVTec/leather/test/color/014.png,validation,leather,color,../../data/MVTec/leather/ground_truth/color/014_mask.png,
../../data/MVTec/leather/test/color/015.png,test,leather,color,../../data/MVTec/leather/ground_truth/color/015_mask.png,
../../data/MVTec/leather/test/color/016.png,validation,leather,color,../../data/MVTec/leather/ground_truth/color/016_mask.png,
../../data/MVTec/leather/test/color/017.png,test,leather,color,../../data/MVTec/leather/ground_truth/color/017_mask.png,
../../data/MVTec/leather/test/color/018.png,validation,leather,color,../../data/MVTec/leather/ground_truth/color/018_mask.png,
../../data/MVTec/leather/test/cut/000.png,validation,leather,cut,../../data/MVTec/leather/ground_truth/cut/000_mask.png,
../../data/MVTec/leather/test/cut/001.png,test,leather,cut,../../data/MVTec/leather/ground_truth/cut/001_mask.png,
../../data/MVTec/leather/test/cut/002.png,validation,leather,cut,../../data/MVTec/leather/ground_truth/cut/002_mask.png,
../../data/MVTec/leather/test/cut/003.png,test,leather,cut,../../data/MVTec/leather/ground_truth/cut/003_mask.png,
../../data/MVTec/leather/test/cut/004.png,validation,leather,cut,../../data/MVTec/leather/ground_truth/cut/004_mask.png,
../../data/MVTec/leather/test/cut/005.png,test,leather,cut,../../data/MVTec/leather/ground_truth/cut/005_mask.png,
../../data/MVTec/leather/test/cut/006.png,validation,leather,cut,../../data/MVTec/leather/ground_truth/cut/006_mask.png,
../../data/MVTec/leather/test/cut/007.png,test,leather,cut,../../data/MVTec/leather/ground_truth/cut/007_mask.png,
../../data/MVTec/leather/test/cut/008.png,validation,leather,cut,../../data/MVTec/leather/ground_truth/cut/008_mask.png,
../../data/MVTec/leather/test/cut/009.png,test,leather,cut,../../data/MVTec/leather/ground_truth/cut/009_mask.png,
../../data/MVTec/leather/test/cut/010.png,validation,leather,cut,../../data/MVTec/leather/ground_truth/cut/010_mask.png,
../../data/MVTec/leather/test/cut/011.png,test,leather,cut,../../data/MVTec/leather/ground_truth/cut/011_mask.png,
../../data/MVTec/leather/test/cut/012.png,validation,leather,cut,../../data/MVTec/leather/ground_truth/cut/012_mask.png,
../../data/MVTec/leather/test/cut/013.png,test,leather,cut,../../data/MVTec/leather/ground_truth/cut/013_mask.png,
../../data/MVTec/leather/test/cut/014.png,validation,leather,cut,../../data/MVTec/leather/ground_truth/cut/014_mask.png,
../../data/MVTec/leather/test/cut/015.png,test,leather,cut,../../data/MVTec/leather/ground_truth/cut/015_mask.png,
../../data/MVTec/leather/test/cut/016.png,validation,leather,cut,../../data/MVTec/leather/ground_truth/cut/016_mask.png,
../../data/MVTec/leather/test/cut/017.png,test,leather,cut,../../data/MVTec/leather/ground_truth/cut/017_mask.png,
../../data/MVTec/leather/test/cut/018.png,validation,leather,cut,../../data/MVTec/leather/ground_truth/cut/018_mask.png,
../../data/MVTec/leather/test/fold/000.png,validation,leather,fold,../../data/MVTec/leather/ground_truth/fold/000_mask.png,
../../data/MVTec/leather/test/fold/001.png,test,leather,fold,../../data/MVTec/leather/ground_truth/fold/001_mask.png,
../../data/MVTec/leather/test/fold/002.png,validation,leather,fold,../../data/MVTec/leather/ground_truth/fold/002_mask.png,
../../data/MVTec/leather/test/fold/003.png,test,leather,fold,../../data/MVTec/leather/ground_truth/fold/003_mask.png,
../../data/MVTec/leather/test/fold/004.png,validation,leather,fold,../../data/MVTec/leather/ground_truth/fold/004_mask.png,
../../data/MVTec/leather/test/fold/005.png,test,leather,fold,../../data/MVTec/leather/ground_truth/fold/005_mask.png,
../../data/MVTec/leather/test/fold/006.png,validation,leather,fold,../../data/MVTec/leather/ground_truth/fold/006_mask.png,
../../data/MVTec/leather/test/fold/007.png,test,leather,fold,../../data/MVTec/leather/ground_truth/fold/007_mask.png,
../../data/MVTec/leather/test/fold/008.png,validation,leather,fold,../../data/MVTec/leather/ground_truth/fold/008_mask.png,
../../data/MVTec/leather/test/fold/009.png,test,leather,fold,../../data/MVTec/leather/ground_truth/fold/009_mask.png,
../../data/MVTec/leather/test/fold/010.png,validation,leather,fold,../../data/MVTec/leather/ground_truth/fold/010_mask.png,
../../data/MVTec/leather/test/fold/011.png,test,leather,fold,../../data/MVTec/leather/ground_truth/fold/011_mask.png,
../../data/MVTec/leather/test/fold/012.png,validation,leather,fold,../../data/MVTec/leather/ground_truth/fold/012_mask.png,
../../data/MVTec/leather/test/fold/013.png,test,leather,fold,../../data/MVTec/leather/ground_truth/fold/013_mask.png,
../../data/MVTec/leather/test/fold/014.png,validation,leather,fold,../../data/MVTec/leather/ground_truth/fold/014_mask.png,
../../data/MVTec/leather/test/fold/015.png,test,leather,fold,../../data/MVTec/leather/ground_truth/fold/015_mask.png,
../../data/MVTec/leather/test/fold/016.png,validation,leather,fold,../../data/MVTec/leather/ground_truth/fold/016_mask.png,
../../data/MVTec/leather/test/glue/000.png,validation,leather,glue,../../data/MVTec/leather/ground_truth/glue/000_mask.png,
../../data/MVTec/leather/test/glue/001.png,test,leather,glue,../../data/MVTec/leather/ground_truth/glue/001_mask.png,
../../data/MVTec/leather/test/glue/002.png,validation,leather,glue,../../data/MVTec/leather/ground_truth/glue/002_mask.png,
../../data/MVTec/leather/test/glue/003.png,test,leather,glue,../../data/MVTec/leather/ground_truth/glue/003_mask.png,
../../data/MVTec/leather/test/glue/004.png,validation,leather,glue,../../data/MVTec/leather/ground_truth/glue/004_mask.png,
../../data/MVTec/leather/test/glue/005.png,test,leather,glue,../../data/MVTec/leather/ground_truth/glue/005_mask.png,
../../data/MVTec/leather/test/glue/006.png,validation,leather,glue,../../data/MVTec/leather/ground_truth/glue/006_mask.png,
../../data/MVTec/leather/test/glue/007.png,test,leather,glue,../../data/MVTec/leather/ground_truth/glue/007_mask.png,
../../data/MVTec/leather/test/glue/008.png,validation,leather,glue,../../data/MVTec/leather/ground_truth/glue/008_mask.png,
../../data/MVTec/leather/test/glue/009.png,test,leather,glue,../../data/MVTec/leather/ground_truth/glue/009_mask.png,
../../data/MVTec/leather/test/glue/010.png,validation,leather,glue,../../data/MVTec/leather/ground_truth/glue/010_mask.png,
../../data/MVTec/leather/test/glue/011.png,test,leather,glue,../../data/MVTec/leather/ground_truth/glue/011_mask.png,
../../data/MVTec/leather/test/glue/012.png,validation,leather,glue,../../data/MVTec/leather/ground_truth/glue/012_mask.png,
../../data/MVTec/leather/test/glue/013.png,test,leather,glue,../../data/MVTec/leather/ground_truth/glue/013_mask.png,
../../data/MVTec/leather/test/glue/014.png,validation,leather,glue,../../data/MVTec/leather/ground_truth/glue/014_mask.png,
../../data/MVTec/leather/test/glue/015.png,test,leather,glue,../../data/MVTec/leather/ground_truth/glue/015_mask.png,
../../data/MVTec/leather/test/glue/016.png,validation,leather,glue,../../data/MVTec/leather/ground_truth/glue/016_mask.png,
../../data/MVTec/leather/test/glue/017.png,test,leather,glue,../../data/MVTec/leather/ground_truth/glue/017_mask.png,
../../data/MVTec/leather/test/glue/018.png,validation,leather,glue,../../data/MVTec/leather/ground_truth/glue/018_mask.png,
../../data/MVTec/leather/test/good/000.png,validation,leather,good,,
../../data/MVTec/leather/test/good/001.png,test,leather,good,,
../../data/MVTec/leather/test/good/002.png,validation,leather,good,,
../../data/MVTec/leather/test/good/003.png,test,leather,good,,
../../data/MVTec/leather/test/good/004.png,validation,leather,good,,
../../data/MVTec/leather/test/good/005.png,test,leather,good,,
../../data/MVTec/leather/test/good/006.png,validation,leather,good,,
../../data/MVTec/leather/test/good/007.png,test,leather,good,,
../../data/MVTec/leather/test/good/008.png,validation,leather,good,,
../../data/MVTec/leather/test/good/009.png,test,leather,good,,
../../data/MVTec/leather/test/good/010.png,validation,leather,good,,
../../data/MVTec/leather/test/good/011.png,test,leather,good,,
../../data/MVTec/leather/test/good/012.png,validation,leather,good,,
../../data/MVTec/leather/test/good/013.png,test,leather,good,,
../../data/MVTec/leather/test/good/014.png,validation,leather,good,,
../../data/MVTec/leather/test/good/015.png,test,leather,good,,
../../data/MVTec/leather/test/good/016.png,validation,leather,good,,
../../data/MVTec/leather/test/good/017.png,test,leather,good,,
../../data/MVTec/leather/test/good/018.png,validation,leather,good,,
../../data/MVTec/leather/test/good/019.png,test,leather,good,,
../../data/MVTec/leather/test/good/020.png,validation,leather,good,,
../../data/MVTec/leather/test/good/021.png,test,leather,good,,
../../data/MVTec/leather/test/good/022.png,validation,leather,good,,
../../data/MVTec/leather/test/good/023.png,test,leather,good,,
../../data/MVTec/leather/test/good/024.png,validation,leather,good,,
../../data/MVTec/leather/test/good/025.png,test,leather,good,,
../../data/MVTec/leather/test/good/026.png,validation,leather,good,,
../../data/MVTec/leather/test/good/027.png,test,leather,good,,
../../data/MVTec/leather/test/good/028.png,validation,leather,good,,
../../data/MVTec/leather/test/good/029.png,test,leather,good,,
../../data/MVTec/leather/test/good/030.png,validation,leather,good,,
../../data/MVTec/leather/test/good/031.png,test,leather,good,,
../../data/MVTec/leather/test/poke/000.png,validation,leather,poke,../../data/MVTec/leather/ground_truth/poke/000_mask.png,
../../data/MVTec/leather/test/poke/001.png,test,leather,poke,../../data/MVTec/leather/ground_truth/poke/001_mask.png,
../../data/MVTec/leather/test/poke/002.png,validation,leather,poke,../../data/MVTec/leather/ground_truth/poke/002_mask.png,
../../data/MVTec/leather/test/poke/003.png,test,leather,poke,../../data/MVTec/leather/ground_truth/poke/003_mask.png,
../../data/MVTec/leather/test/poke/004.png,validation,leather,poke,../../data/MVTec/leather/ground_truth/poke/004_mask.png,
../../data/MVTec/leather/test/poke/005.png,test,leather,poke,../../data/MVTec/leather/ground_truth/poke/005_mask.png,
../../data/MVTec/leather/test/poke/006.png,validation,leather,poke,../../data/MVTec/leather/ground_truth/poke/006_mask.png,
../../data/MVTec/leather/test/poke/007.png,test,leather,poke,../../data/MVTec/leather/ground_truth/poke/007_mask.png,
../../data/MVTec/leather/test/poke/008.png,validation,leather,poke,../../data/MVTec/leather/ground_truth/poke/008_mask.png,
../../data/MVTec/leather/test/poke/009.png,test,leather,poke,../../data/MVTec/leather/ground_truth/poke/009_mask.png,
../../data/MVTec/leather/test/poke/010.png,validation,leather,poke,../../data/MVTec/leather/ground_truth/poke/010_mask.png,
../../data/MVTec/leather/test/poke/011.png,test,leather,poke,../../data/MVTec/leather/ground_truth/poke/011_mask.png,
../../data/MVTec/leather/test/poke/012.png,validation,leather,poke,../../data/MVTec/leather/ground_truth/poke/012_mask.png,
../../data/MVTec/leather/test/poke/013.png,test,leather,poke,../../data/MVTec/leather/ground_truth/poke/013_mask.png,
../../data/MVTec/leather/test/poke/014.png,validation,leather,poke,../../data/MVTec/leather/ground_truth/poke/014_mask.png,
../../data/MVTec/leather/test/poke/015.png,test,leather,poke,../../data/MVTec/leather/ground_truth/poke/015_mask.png,
../../data/MVTec/leather/test/poke/016.png,validation,leather,poke,../../data/MVTec/leather/ground_truth/poke/016_mask.png,
../../data/MVTec/leather/test/poke/017.png,test,leather,poke,../../data/MVTec/leather/ground_truth/poke/017_mask.png,
../../data/MVTec/tile/train/good/000.png,train,tile,good,,
../../data/MVTec/tile/train/good/001.png,train,tile,good,,
../../data/MVTec/tile/train/good/002.png,train,tile,good,,
../../data/MVTec/tile/train/good/003.png,train,tile,good,,
../../data/MVTec/tile/train/good/004.png,train,tile,good,,
../../data/MVTec/tile/train/good/005.png,train,tile,good,,
../../data/MVTec/tile/train/good/006.png,train,tile,good,,
../../data/MVTec/tile/train/good/007.png,train,tile,good,,
../../data/MVTec/tile/train/good/008.png,train,tile,good,,
../../data/MVTec/tile/train/good/009.png,train,tile,good,,
../../data/MVTec/tile/train/good/010.png,train,tile,good,,
../../data/MVTec/tile/train/good/011.png,train,tile,good,,
../../data/MVTec/tile/train/good/012.png,train,tile,good,,
../../data/MVTec/tile/train/good/013.png,train,tile,good,,
../../data/MVTec/tile/train/good/014.png,train,tile,good,,
../../data/MVTec/tile/train/good/015.png,train,tile,good,,
../../data/MVTec/tile/train/good/016.png,train,tile,good,,
../../data/MVTec/tile/train/good/017.png,train,tile,good,,
../../data/MVTec/tile/train/good/018.png,train,tile,good,,
../../data/MVTec/tile/train/good/019.png,train,tile,good,,
../../data/MVTec/tile/train/good/020.png,train,tile,good,,
../../data/MVTec/tile/train/good/021.png,train,tile,good,,
../../data/MVTec/tile/train/good/022.png,train,tile,good,,
../../data/MVTec/tile/train/good/023.png,train,tile,good,,
../../data/MVTec/tile/train/good/024.png,train,tile,good,,
../../data/MVTec/tile/train/good/025.png,train,tile,good,,
../../data/MVTec/tile/train/good/026.png,train,tile,good,,
../../data/MVTec/tile/train/good/027.png,train,tile,good,,
../../data/MVTec/tile/train/good/028.png,train,tile,good,,
../../data/MVTec/tile/train/good/029.png,train,tile,good,,
../../data/MVTec/tile/train/good/030.png,train,tile,good,,
../../data/MVTec/tile/train/good/031.png,train,tile,good,,
../../data/MVTec/tile/train/good/032.png,train,tile,good,,
../../data/MVTec/tile/train/good/033.png,train,tile,good,,
../../data/MVTec/tile/train/good/034.png,train,tile,good,,
../../data/MVTec/tile/train/good/035.png,train,tile,good,,
../../data/MVTec/tile/train/good/036.png,train,tile,good,,
../../data/MVTec/tile/train/good/037.png,train,tile,good,,
../../data/MVTec/tile/train/good/038.png,train,tile,good,,
../../data/MVTec/tile/train/good/039.png,train,tile,good,,
../../data/MVTec/tile/train/good/040.png,train,tile,good,,
../../data/MVTec/tile/train/good/041.png,train,tile,good,,
../../data/MVTec/tile/train/good/042.png,train,tile,good,,
../../data/MVTec/tile/train/good/043.png,train,tile,good,,
../../data/MVTec/tile/train/good/044.png,train,tile,good,,
../../data/MVTec/tile/train/good/045.png,train,tile,good,,
../../data/MVTec/tile/train/good/046.png,train,tile,good,,
../../data/MVTec/tile/train/good/047.png,train,tile,good,,
../../data/MVTec/tile/train/good/048.png,train,tile,good,,
../../data/MVTec/tile/train/good/049.png,train,tile,good,,
../../data/MVTec/tile/train/good/050.png,train,tile,good,,
../../data/MVTec/tile/train/good/051.png,train,tile,good,,
../../data/MVTec/tile/train/good/052.png,train,tile,good,,
../../data/MVTec/tile/train/good/053.png,train,tile,good,,
../../data/MVTec/tile/train/good/054.png,train,tile,good,,
../../data/MVTec/tile/train/good/055.png,train,tile,good,,
../../data/MVTec/tile/train/good/056.png,train,tile,good,,
../../data/MVTec/tile/train/good/057.png,train,tile,good,,
../../data/MVTec/tile/train/good/058.png,train,tile,good,,
../../data/MVTec/tile/train/good/059.png,train,tile,good,,
../../data/MVTec/tile/train/good/060.png,train,tile,good,,
../../data/MVTec/tile/train/good/061.png,train,tile,good,,
../../data/MVTec/tile/train/good/062.png,train,tile,good,,
../../data/MVTec/tile/train/good/063.png,train,tile,good,,
../../data/MVTec/tile/train/good/064.png,train,tile,good,,
../../data/MVTec/tile/train/good/065.png,train,tile,good,,
../../data/MVTec/tile/train/good/066.png,train,tile,good,,
../../data/MVTec/tile/train/good/067.png,train,tile,good,,
../../data/MVTec/tile/train/good/068.png,train,tile,good,,
../../data/MVTec/tile/train/good/069.png,train,tile,good,,
../../data/MVTec/tile/train/good/070.png,train,tile,good,,
../../data/MVTec/tile/train/good/071.png,train,tile,good,,
../../data/MVTec/tile/train/good/072.png,train,tile,good,,
../../data/MVTec/tile/train/good/073.png,train,tile,good,,
../../data/MVTec/tile/train/good/074.png,train,tile,good,,
../../data/MVTec/tile/train/good/075.png,train,tile,good,,
../../data/MVTec/tile/train/good/076.png,train,tile,good,,
../../data/MVTec/tile/train/good/077.png,train,tile,good,,
../../data/MVTec/tile/train/good/078.png,train,tile,good,,
../../data/MVTec/tile/train/good/079.png,train,tile,good,,
../../data/MVTec/tile/train/good/080.png,train,tile,good,,
../../data/MVTec/tile/train/good/081.png,train,tile,good,,
../../data/MVTec/tile/train/good/082.png,train,tile,good,,
../../data/MVTec/tile/train/good/083.png,train,tile,good,,
../../data/MVTec/tile/train/good/084.png,train,tile,good,,
../../data/MVTec/tile/train/good/085.png,train,tile,good,,
../../data/MVTec/tile/train/good/086.png,train,tile,good,,
../../data/MVTec/tile/train/good/087.png,train,tile,good,,
../../data/MVTec/tile/train/good/088.png,train,tile,good,,
../../data/MVTec/tile/train/good/089.png,train,tile,good,,
../../data/MVTec/tile/train/good/090.png,train,tile,good,,
../../data/MVTec/tile/train/good/091.png,train,tile,good,,
../../data/MVTec/tile/train/good/092.png,train,tile,good,,
../../data/MVTec/tile/train/good/093.png,train,tile,good,,
../../data/MVTec/tile/train/good/094.png,train,tile,good,,
../../data/MVTec/tile/train/good/095.png,train,tile,good,,
../../data/MVTec/tile/train/good/096.png,train,tile,good,,
../../data/MVTec/tile/train/good/097.png,train,tile,good,,
../../data/MVTec/tile/train/good/098.png,train,tile,good,,
../../data/MVTec/tile/train/good/099.png,train,tile,good,,
../../data/MVTec/tile/train/good/100.png,train,tile,good,,
../../data/MVTec/tile/train/good/101.png,train,tile,good,,
../../data/MVTec/tile/train/good/102.png,train,tile,good,,
../../data/MVTec/tile/train/good/103.png,train,tile,good,,
../../data/MVTec/tile/train/good/104.png,train,tile,good,,
../../data/MVTec/tile/train/good/105.png,train,tile,good,,
../../data/MVTec/tile/train/good/106.png,train,tile,good,,
../../data/MVTec/tile/train/good/107.png,train,tile,good,,
../../data/MVTec/tile/train/good/108.png,train,tile,good,,
../../data/MVTec/tile/train/good/109.png,train,tile,good,,
../../data/MVTec/tile/train/good/110.png,train,tile,good,,
../../data/MVTec/tile/train/good/111.png,train,tile,good,,
../../data/MVTec/tile/train/good/112.png,train,tile,good,,
../../data/MVTec/tile/train/good/113.png,train,tile,good,,
../../data/MVTec/tile/train/good/114.png,train,tile,good,,
../../data/MVTec/tile/train/good/115.png,train,tile,good,,
../../data/MVTec/tile/train/good/116.png,train,tile,good,,
../../data/MVTec/tile/train/good/117.png,train,tile,good,,
../../data/MVTec/tile/train/good/118.png,train,tile,good,,
../../data/MVTec/tile/train/good/119.png,train,tile,good,,
../../data/MVTec/tile/train/good/120.png,train,tile,good,,
../../data/MVTec/tile/train/good/121.png,train,tile,good,,
../../data/MVTec/tile/train/good/122.png,train,tile,good,,
../../data/MVTec/tile/train/good/123.png,train,tile,good,,
../../data/MVTec/tile/train/good/124.png,train,tile,good,,
../../data/MVTec/tile/train/good/125.png,train,tile,good,,
../../data/MVTec/tile/train/good/126.png,train,tile,good,,
../../data/MVTec/tile/train/good/127.png,train,tile,good,,
../../data/MVTec/tile/train/good/128.png,train,tile,good,,
../../data/MVTec/tile/train/good/129.png,train,tile,good,,
../../data/MVTec/tile/train/good/130.png,train,tile,good,,
../../data/MVTec/tile/train/good/131.png,train,tile,good,,
../../data/MVTec/tile/train/good/132.png,train,tile,good,,
../../data/MVTec/tile/train/good/133.png,train,tile,good,,
../../data/MVTec/tile/train/good/134.png,train,tile,good,,
../../data/MVTec/tile/train/good/135.png,train,tile,good,,
../../data/MVTec/tile/train/good/136.png,train,tile,good,,
../../data/MVTec/tile/train/good/137.png,train,tile,good,,
../../data/MVTec/tile/train/good/138.png,train,tile,good,,
../../data/MVTec/tile/train/good/139.png,train,tile,good,,
../../data/MVTec/tile/train/good/140.png,train,tile,good,,
../../data/MVTec/tile/train/good/141.png,train,tile,good,,
../../data/MVTec/tile/train/good/142.png,train,tile,good,,
../../data/MVTec/tile/train/good/143.png,train,tile,good,,
../../data/MVTec/tile/train/good/144.png,train,tile,good,,
../../data/MVTec/tile/train/good/145.png,train,tile,good,,
../../data/MVTec/tile/train/good/146.png,train,tile,good,,
../../data/MVTec/tile/train/good/147.png,train,tile,good,,
../../data/MVTec/tile/train/good/148.png,train,tile,good,,
../../data/MVTec/tile/train/good/149.png,train,tile,good,,
../../data/MVTec/tile/train/good/150.png,train,tile,good,,
../../data/MVTec/tile/train/good/151.png,train,tile,good,,
../../data/MVTec/tile/train/good/152.png,train,tile,good,,
../../data/MVTec/tile/train/good/153.png,train,tile,good,,
../../data/MVTec/tile/train/good/154.png,train,tile,good,,
../../data/MVTec/tile/train/good/155.png,train,tile,good,,
../../data/MVTec/tile/train/good/156.png,train,tile,good,,
../../data/MVTec/tile/train/good/157.png,train,tile,good,,
../../data/MVTec/tile/train/good/158.png,train,tile,good,,
../../data/MVTec/tile/train/good/159.png,train,tile,good,,
../../data/MVTec/tile/train/good/160.png,train,tile,good,,
../../data/MVTec/tile/train/good/161.png,train,tile,good,,
../../data/MVTec/tile/train/good/162.png,train,tile,good,,
../../data/MVTec/tile/train/good/163.png,train,tile,good,,
../../data/MVTec/tile/train/good/164.png,train,tile,good,,
../../data/MVTec/tile/train/good/165.png,train,tile,good,,
../../data/MVTec/tile/train/good/166.png,train,tile,good,,
../../data/MVTec/tile/train/good/167.png,train,tile,good,,
../../data/MVTec/tile/train/good/168.png,train,tile,good,,
../../data/MVTec/tile/train/good/169.png,train,tile,good,,
../../data/MVTec/tile/train/good/170.png,train,tile,good,,
../../data/MVTec/tile/train/good/171.png,train,tile,good,,
../../data/MVTec/tile/train/good/172.png,train,tile,good,,
../../data/MVTec/tile/train/good/173.png,train,tile,good,,
../../data/MVTec/tile/train/good/174.png,train,tile,good,,
../../data/MVTec/tile/train/good/175.png,train,tile,good,,
../../data/MVTec/tile/train/good/176.png,train,tile,good,,
../../data/MVTec/tile/train/good/177.png,train,tile,good,,
../../data/MVTec/tile/train/good/178.png,train,tile,good,,
../../data/MVTec/tile/train/good/179.png,train,tile,good,,
../../data/MVTec/tile/train/good/180.png,train,tile,good,,
../../data/MVTec/tile/train/good/181.png,train,tile,good,,
../../data/MVTec/tile/train/good/182.png,train,tile,good,,
../../data/MVTec/tile/train/good/183.png,train,tile,good,,
../../data/MVTec/tile/train/good/184.png,train,tile,good,,
../../data/MVTec/tile/train/good/185.png,train,tile,good,,
../../data/MVTec/tile/train/good/186.png,train,tile,good,,
../../data/MVTec/tile/train/good/187.png,train,tile,good,,
../../data/MVTec/tile/train/good/188.png,train,tile,good,,
../../data/MVTec/tile/train/good/189.png,train,tile,good,,
../../data/MVTec/tile/train/good/190.png,train,tile,good,,
../../data/MVTec/tile/train/good/191.png,train,tile,good,,
../../data/MVTec/tile/train/good/192.png,train,tile,good,,
../../data/MVTec/tile/train/good/193.png,train,tile,good,,
../../data/MVTec/tile/train/good/194.png,train,tile,good,,
../../data/MVTec/tile/train/good/195.png,train,tile,good,,
../../data/MVTec/tile/train/good/196.png,train,tile,good,,
../../data/MVTec/tile/train/good/197.png,train,tile,good,,
../../data/MVTec/tile/train/good/198.png,train,tile,good,,
../../data/MVTec/tile/train/good/199.png,train,tile,good,,
../../data/MVTec/tile/train/good/200.png,train,tile,good,,
../../data/MVTec/tile/train/good/201.png,train,tile,good,,
../../data/MVTec/tile/train/good/202.png,train,tile,good,,
../../data/MVTec/tile/train/good/203.png,train,tile,good,,
../../data/MVTec/tile/train/good/204.png,train,tile,good,,
../../data/MVTec/tile/train/good/205.png,train,tile,good,,
../../data/MVTec/tile/train/good/206.png,train,tile,good,,
../../data/MVTec/tile/train/good/207.png,train,tile,good,,
../../data/MVTec/tile/train/good/208.png,train,tile,good,,
../../data/MVTec/tile/train/good/209.png,train,tile,good,,
../../data/MVTec/tile/train/good/210.png,train,tile,good,,
../../data/MVTec/tile/train/good/211.png,train,tile,good,,
../../data/MVTec/tile/train/good/212.png,train,tile,good,,
../../data/MVTec/tile/train/good/213.png,train,tile,good,,
../../data/MVTec/tile/train/good/214.png,train,tile,good,,
../../data/MVTec/tile/train/good/215.png,train,tile,good,,
../../data/MVTec/tile/train/good/216.png,train,tile,good,,
../../data/MVTec/tile/train/good/217.png,train,tile,good,,
../../data/MVTec/tile/train/good/218.png,train,tile,good,,
../../data/MVTec/tile/train/good/219.png,train,tile,good,,
../../data/MVTec/tile/train/good/220.png,train,tile,good,,
../../data/MVTec/tile/train/good/221.png,train,tile,good,,
../../data/MVTec/tile/train/good/222.png,train,tile,good,,
../../data/MVTec/tile/train/good/223.png,train,tile,good,,
../../data/MVTec/tile/train/good/224.png,train,tile,good,,
../../data/MVTec/tile/train/good/225.png,train,tile,good,,
../../data/MVTec/tile/train/good/226.png,train,tile,good,,
../../data/MVTec/tile/train/good/227.png,train,tile,good,,
../../data/MVTec/tile/train/good/228.png,train,tile,good,,
../../data/MVTec/tile/train/good/229.png,train,tile,good,,
../../data/MVTec/tile/test/crack/000.png,validation,tile,crack,../../data/MVTec/tile/ground_truth/crack/000_mask.png,
../../data/MVTec/tile/test/crack/001.png,test,tile,crack,../../data/MVTec/tile/ground_truth/crack/001_mask.png,
../../data/MVTec/tile/test/crack/002.png,validation,tile,crack,../../data/MVTec/tile/ground_truth/crack/002_mask.png,
../../data/MVTec/tile/test/crack/003.png,test,tile,crack,../../data/MVTec/tile/ground_truth/crack/003_mask.png,
../../data/MVTec/tile/test/crack/004.png,validation,tile,crack,../../data/MVTec/tile/ground_truth/crack/004_mask.png,
../../data/MVTec/tile/test/crack/005.png,test,tile,crack,../../data/MVTec/tile/ground_truth/crack/005_mask.png,
../../data/MVTec/tile/test/crack/006.png,validation,tile,crack,../../data/MVTec/tile/ground_truth/crack/006_mask.png,
../../data/MVTec/tile/test/crack/007.png,test,tile,crack,../../data/MVTec/tile/ground_truth/crack/007_mask.png,
../../data/MVTec/tile/test/crack/008.png,validation,tile,crack,../../data/MVTec/tile/ground_truth/crack/008_mask.png,
../../data/MVTec/tile/test/crack/009.png,test,tile,crack,../../data/MVTec/tile/ground_truth/crack/009_mask.png,
../../data/MVTec/tile/test/crack/010.png,validation,tile,crack,../../data/MVTec/tile/ground_truth/crack/010_mask.png,
../../data/MVTec/tile/test/crack/011.png,test,tile,crack,../../data/MVTec/tile/ground_truth/crack/011_mask.png,
../../data/MVTec/tile/test/crack/012.png,validation,tile,crack,../../data/MVTec/tile/ground_truth/crack/012_mask.png,
../../data/MVTec/tile/test/crack/013.png,test,tile,crack,../../data/MVTec/tile/ground_truth/crack/013_mask.png,
../../data/MVTec/tile/test/crack/014.png,validation,tile,crack,../../data/MVTec/tile/ground_truth/crack/014_mask.png,
../../data/MVTec/tile/test/crack/015.png,test,tile,crack,../../data/MVTec/tile/ground_truth/crack/015_mask.png,
../../data/MVTec/tile/test/crack/016.png,validation,tile,crack,../../data/MVTec/tile/ground_truth/crack/016_mask.png,
../../data/MVTec/tile/test/glue_strip/000.png,validation,tile,glue_strip,../../data/MVTec/tile/ground_truth/glue_strip/000_mask.png,
../../data/MVTec/tile/test/glue_strip/001.png,test,tile,glue_strip,../../data/MVTec/tile/ground_truth/glue_strip/001_mask.png,
../../data/MVTec/tile/test/glue_strip/002.png,validation,tile,glue_strip,../../data/MVTec/tile/ground_truth/glue_strip/002_mask.png,
../../data/MVTec/tile/test/glue_strip/003.png,test,tile,glue_strip,../../data/MVTec/tile/ground_truth/glue_strip/003_mask.png,
../../data/MVTec/tile/test/glue_strip/004.png,validation,tile,glue_strip,../../data/MVTec/tile/ground_truth/glue_strip/004_mask.png,
../../data/MVTec/tile/test/glue_strip/005.png,test,tile,glue_strip,../../data/MVTec/tile/ground_truth/glue_strip/005_mask.png,
../../data/MVTec/tile/test/glue_strip/006.png,validation,tile,glue_strip,../../data/MVTec/tile/ground_truth/glue_strip/006_mask.png,
../../data/MVTec/tile/test/glue_strip/007.png,test,tile,glue_strip,../../data/MVTec/tile/ground_truth/glue_strip/007_mask.png,
../../data/MVTec/tile/test/glue_strip/008.png,validation,tile,glue_strip,../../data/MVTec/tile/ground_truth/glue_strip/008_mask.png,
../../data/MVTec/tile/test/glue_strip/009.png,test,tile,glue_strip,../../data/MVTec/tile/ground_truth/glue_strip/009_mask.png,
../../data/MVTec/tile/test/glue_strip/010.png,validation,tile,glue_strip,../../data/MVTec/tile/ground_truth/glue_strip/010_mask.png,
../../data/MVTec/tile/test/glue_strip/011.png,test,tile,glue_strip,../../data/MVTec/tile/ground_truth/glue_strip/011_mask.png,
../../data/MVTec/tile/test/glue_strip/012.png,validation,tile,glue_strip,../../data/MVTec/tile/ground_truth/glue_strip/012_mask.png,
../../data/MVTec/tile/test/glue_strip/013.png,test,tile,glue_strip,../../data/MVTec/tile/ground_truth/glue_strip/013_mask.png,
../../data/MVTec/tile/test/glue_strip/014.png,validation,tile,glue_strip,../../data/MVTec/tile/ground_truth/glue_strip/014_mask.png,
../../data/MVTec/tile/test/glue_strip/015.png,test,tile,glue_strip,../../data/MVTec/tile/ground_truth/glue_strip/015_mask.png,
../../data/MVTec/tile/test/glue_strip/016.png,validation,tile,glue_strip,../../data/MVTec/tile/ground_truth/glue_strip/016_mask.png,
../../data/MVTec/tile/test/glue_strip/017.png,test,tile,glue_strip,../../data/MVTec/tile/ground_truth/glue_strip/017_mask.png,
../../data/MVTec/tile/test/good/000.png,validation,tile,good,,
../../data/MVTec/tile/test/good/001.png,test,tile,good,,
../../data/MVTec/tile/test/good/002.png,validation,tile,good,,
../../data/MVTec/tile/test/good/003.png,test,tile,good,,
../../data/MVTec/tile/test/good/004.png,validation,tile,good,,
../../data/MVTec/tile/test/good/005.png,test,tile,good,,
../../data/MVTec/tile/test/good/006.png,validation,tile,good,,
../../data/MVTec/tile/test/good/007.png,test,tile,good,,
../../data/MVTec/tile/test/good/008.png,validation,tile,good,,
../../data/MVTec/tile/test/good/009.png,test,tile,good,,
../../data/MVTec/tile/test/good/010.png,validation,tile,good,,
../../data/MVTec/tile/test/good/011.png,test,tile,good,,
../../data/MVTec/tile/test/good/012.png,validation,tile,good,,
../../data/MVTec/tile/test/good/013.png,test,tile,good,,
../../data/MVTec/tile/test/good/014.png,validation,tile,good,,
../../data/MVTec/tile/test/good/015.png,test,tile,good,,
../../data/MVTec/tile/test/good/016.png,validation,tile,good,,
../../data/MVTec/tile/test/good/017.png,test,tile,good,,
../../data/MVTec/tile/test/good/018.png,validation,tile,good,,
../../data/MVTec/tile/test/good/019.png,test,tile,good,,
../../data/MVTec/tile/test/good/020.png,validation,tile,good,,
../../data/MVTec/tile/test/good/021.png,test,tile,good,,
../../data/MVTec/tile/test/good/022.png,validation,tile,good,,
../../data/MVTec/tile/test/good/023.png,test,tile,good,,
../../data/MVTec/tile/test/good/024.png,validation,tile,good,,
../../data/MVTec/tile/test/good/025.png,test,tile,good,,
../../data/MVTec/tile/test/good/026.png,validation,tile,good,,
../../data/MVTec/tile/test/good/027.png,test,tile,good,,
../../data/MVTec/tile/test/good/028.png,validation,tile,good,,
../../data/MVTec/tile/test/good/029.png,test,tile,good,,
../../data/MVTec/tile/test/good/030.png,validation,tile,good,,
../../data/MVTec/tile/test/good/031.png,test,tile,good,,
../../data/MVTec/tile/test/good/032.png,validation,tile,good,,
../../data/MVTec/tile/test/gray_stroke/000.png,validation,tile,gray_stroke,../../data/MVTec/tile/ground_truth/gray_stroke/000_mask.png,
../../data/MVTec/tile/test/gray_stroke/001.png,test,tile,gray_stroke,../../data/MVTec/tile/ground_truth/gray_stroke/001_mask.png,
../../data/MVTec/tile/test/gray_stroke/002.png,validation,tile,gray_stroke,../../data/MVTec/tile/ground_truth/gray_stroke/002_mask.png,
../../data/MVTec/tile/test/gray_stroke/003.png,test,tile,gray_stroke,../../data/MVTec/tile/ground_truth/gray_stroke/003_mask.png,
../../data/MVTec/tile/test/gray_stroke/004.png,validation,tile,gray_stroke,../../data/MVTec/tile/ground_truth/gray_stroke/004_mask.png,
../../data/MVTec/tile/test/gray_stroke/005.png,test,tile,gray_stroke,../../data/MVTec/tile/ground_truth/gray_stroke/005_mask.png,
../../data/MVTec/tile/test/gray_stroke/006.png,validation,tile,gray_stroke,../../data/MVTec/tile/ground_truth/gray_stroke/006_mask.png,
../../data/MVTec/tile/test/gray_stroke/007.png,test,tile,gray_stroke,../../data/MVTec/tile/ground_truth/gray_stroke/007_mask.png,
../../data/MVTec/tile/test/gray_stroke/008.png,validation,tile,gray_stroke,../../data/MVTec/tile/ground_truth/gray_stroke/008_mask.png,
../../data/MVTec/tile/test/gray_stroke/009.png,test,tile,gray_stroke,../../data/MVTec/tile/ground_truth/gray_stroke/009_mask.png,
../../data/MVTec/tile/test/gray_stroke/010.png,validation,tile,gray_stroke,../../data/MVTec/tile/ground_truth/gray_stroke/010_mask.png,
../../data/MVTec/tile/test/gray_stroke/011.png,test,tile,gray_stroke,../../data/MVTec/tile/ground_truth/gray_stroke/011_mask.png,
../../data/MVTec/tile/test/gray_stroke/012.png,validation,tile,gray_stroke,../../data/MVTec/tile/ground_truth/gray_stroke/012_mask.png,
../../data/MVTec/tile/test/gray_stroke/013.png,test,tile,gray_stroke,../../data/MVTec/tile/ground_truth/gray_stroke/013_mask.png,
../../data/MVTec/tile/test/gray_stroke/014.png,validation,tile,gray_stroke,../../data/MVTec/tile/ground_truth/gray_stroke/014_mask.png,
../../data/MVTec/tile/test/gray_stroke/015.png,test,tile,gray_stroke,../../data/MVTec/tile/ground_truth/gray_stroke/015_mask.png,
../../data/MVTec/tile/test/oil/000.png,validation,tile,oil,../../data/MVTec/tile/ground_truth/oil/000_mask.png,
../../data/MVTec/tile/test/oil/001.png,test,tile,oil,../../data/MVTec/tile/ground_truth/oil/001_mask.png,
../../data/MVTec/tile/test/oil/002.png,validation,tile,oil,../../data/MVTec/tile/ground_truth/oil/002_mask.png,
../../data/MVTec/tile/test/oil/003.png,test,tile,oil,../../data/MVTec/tile/ground_truth/oil/003_mask.png,
../../data/MVTec/tile/test/oil/004.png,validation,tile,oil,../../data/MVTec/tile/ground_truth/oil/004_mask.png,
../../data/MVTec/tile/test/oil/005.png,test,tile,oil,../../data/MVTec/tile/ground_truth/oil/005_mask.png,
../../data/MVTec/tile/test/oil/006.png,validation,tile,oil,../../data/MVTec/tile/ground_truth/oil/006_mask.png,
../../data/MVTec/tile/test/oil/007.png,test,tile,oil,../../data/MVTec/tile/ground_truth/oil/007_mask.png,
../../data/MVTec/tile/test/oil/008.png,validation,tile,oil,../../data/MVTec/tile/ground_truth/oil/008_mask.png,
../../data/MVTec/tile/test/oil/009.png,test,tile,oil,../../data/MVTec/tile/ground_truth/oil/009_mask.png,
../../data/MVTec/tile/test/oil/010.png,validation,tile,oil,../../data/MVTec/tile/ground_truth/oil/010_mask.png,
../../data/MVTec/tile/test/oil/011.png,test,tile,oil,../../data/MVTec/tile/ground_truth/oil/011_mask.png,
../../data/MVTec/tile/test/oil/012.png,validation,tile,oil,../../data/MVTec/tile/ground_truth/oil/012_mask.png,
../../data/MVTec/tile/test/oil/013.png,test,tile,oil,../../data/MVTec/tile/ground_truth/oil/013_mask.png,
../../data/MVTec/tile/test/oil/014.png,validation,tile,oil,../../data/MVTec/tile/ground_truth/oil/014_mask.png,
../../data/MVTec/tile/test/oil/015.png,test,tile,oil,../../data/MVTec/tile/ground_truth/oil/015_mask.png,
../../data/MVTec/tile/test/oil/016.png,validation,tile,oil,../../data/MVTec/tile/ground_truth/oil/016_mask.png,
../../data/MVTec/tile/test/oil/017.png,test,tile,oil,../../data/MVTec/tile/ground_truth/oil/017_mask.png,
../../data/MVTec/tile/test/rough/000.png,validation,tile,rough,../../data/MVTec/tile/ground_truth/rough/000_mask.png,
../../data/MVTec/tile/test/rough/001.png,test,tile,rough,../../data/MVTec/tile/ground_truth/rough/001_mask.png,
../../data/MVTec/tile/test/rough/002.png,validation,tile,rough,../../data/MVTec/tile/ground_truth/rough/002_mask.png,
../../data/MVTec/tile/test/rough/003.png,test,tile,rough,../../data/MVTec/tile/ground_truth/rough/003_mask.png,
../../data/MVTec/tile/test/rough/004.png,validation,tile,rough,../../data/MVTec/tile/ground_truth/rough/004_mask.png,
../../data/MVTec/tile/test/rough/005.png,test,tile,rough,../../data/MVTec/tile/ground_truth/rough/005_mask.png,
../../data/MVTec/tile/test/rough/006.png,validation,tile,rough,../../data/MVTec/tile/ground_truth/rough/006_mask.png,
../../data/MVTec/tile/test/rough/007.png,test,tile,rough,../../data/MVTec/tile/ground_truth/rough/007_mask.png,
../../data/MVTec/tile/test/rough/008.png,validation,tile,rough,../../data/MVTec/tile/ground_truth/rough/008_mask.png,
../../data/MVTec/tile/test/rough/009.png,test,tile,rough,../../data/MVTec/tile/ground_truth/rough/009_mask.png,
../../data/MVTec/tile/test/rough/010.png,validation,tile,rough,../../data/MVTec/tile/ground_truth/rough/010_mask.png,
../../data/MVTec/tile/test/rough/011.png,test,tile,rough,../../data/MVTec/tile/ground_truth/rough/011_mask.png,
../../data/MVTec/tile/test/rough/012.png,validation,tile,rough,../../data/MVTec/tile/ground_truth/rough/012_mask.png,
../../data/MVTec/tile/test/rough/013.png,test,tile,rough,../../data/MVTec/tile/ground_truth/rough/013_mask.png,
../../data/MVTec/tile/test/rough/014.png,validation,tile,rough,../../data/MVTec/tile/ground_truth/rough/014_mask.png,
../../data/MVTec/wood/train/good/000.png,train,wood,good,,
../../data/MVTec/wood/train/good/001.png,train,wood,good,,
../../data/MVTec/wood/train/good/002.png,train,wood,good,,
../../data/MVTec/wood/train/good/003.png,train,wood,good,,
../../data/MVTec/wood/train/good/004.png,train,wood,good,,
../../data/MVTec/wood/train/good/005.png,train,wood,good,,
../../data/MVTec/wood/train/good/006.png,train,wood,good,,
../../data/MVTec/wood/train/good/007.png,train,wood,good,,
../../data/MVTec/wood/train/good/008.png,train,wood,good,,
../../data/MVTec/wood/train/good/009.png,train,wood,good,,
../../data/MVTec/wood/train/good/010.png,train,wood,good,,
../../data/MVTec/wood/train/good/011.png,train,wood,good,,
../../data/MVTec/wood/train/good/012.png,train,wood,good,,
../../data/MVTec/wood/train/good/013.png,train,wood,good,,
../../data/MVTec/wood/train/good/014.png,train,wood,good,,
../../data/MVTec/wood/train/good/015.png,train,wood,good,,
../../data/MVTec/wood/train/good/016.png,train,wood,good,,
../../data/MVTec/wood/train/good/017.png,train,wood,good,,
../../data/MVTec/wood/train/good/018.png,train,wood,good,,
../../data/MVTec/wood/train/good/019.png,train,wood,good,,
../../data/MVTec/wood/train/good/020.png,train,wood,good,,
../../data/MVTec/wood/train/good/021.png,train,wood,good,,
../../data/MVTec/wood/train/good/022.png,train,wood,good,,
../../data/MVTec/wood/train/good/023.png,train,wood,good,,
../../data/MVTec/wood/train/good/024.png,train,wood,good,,
../../data/MVTec/wood/train/good/025.png,train,wood,good,,
../../data/MVTec/wood/train/good/026.png,train,wood,good,,
../../data/MVTec/wood/train/good/027.png,train,wood,good,,
../../data/MVTec/wood/train/good/028.png,train,wood,good,,
../../data/MVTec/wood/train/good/029.png,train,wood,good,,
../../data/MVTec/wood/train/good/030.png,train,wood,good,,
../../data/MVTec/wood/train/good/031.png,train,wood,good,,
../../data/MVTec/wood/train/good/032.png,train,wood,good,,
../../data/MVTec/wood/train/good/033.png,train,wood,good,,
../../data/MVTec/wood/train/good/034.png,train,wood,good,,
../../data/MVTec/wood/train/good/035.png,train,wood,good,,
../../data/MVTec/wood/train/good/036.png,train,wood,good,,
../../data/MVTec/wood/train/good/037.png,train,wood,good,,
../../data/MVTec/wood/train/good/038.png,train,wood,good,,
../../data/MVTec/wood/train/good/039.png,train,wood,good,,
../../data/MVTec/wood/train/good/040.png,train,wood,good,,
../../data/MVTec/wood/train/good/041.png,train,wood,good,,
../../data/MVTec/wood/train/good/042.png,train,wood,good,,
../../data/MVTec/wood/train/good/043.png,train,wood,good,,
../../data/MVTec/wood/train/good/044.png,train,wood,good,,
../../data/MVTec/wood/train/good/045.png,train,wood,good,,
../../data/MVTec/wood/train/good/046.png,train,wood,good,,
../../data/MVTec/wood/train/good/047.png,train,wood,good,,
../../data/MVTec/wood/train/good/048.png,train,wood,good,,
../../data/MVTec/wood/train/good/049.png,train,wood,good,,
../../data/MVTec/wood/train/good/050.png,train,wood,good,,
../../data/MVTec/wood/train/good/051.png,train,wood,good,,
../../data/MVTec/wood/train/good/052.png,train,wood,good,,
../../data/MVTec/wood/train/good/053.png,train,wood,good,,
../../data/MVTec/wood/train/good/054.png,train,wood,good,,
../../data/MVTec/wood/train/good/055.png,train,wood,good,,
../../data/MVTec/wood/train/good/056.png,train,wood,good,,
../../data/MVTec/wood/train/good/057.png,train,wood,good,,
../../data/MVTec/wood/train/good/058.png,train,wood,good,,
../../data/MVTec/wood/train/good/059.png,train,wood,good,,
../../data/MVTec/wood/train/good/060.png,train,wood,good,,
../../data/MVTec/wood/train/good/061.png,train,wood,good,,
../../data/MVTec/wood/train/good/062.png,train,wood,good,,
../../data/MVTec/wood/train/good/063.png,train,wood,good,,
../../data/MVTec/wood/train/good/064.png,train,wood,good,,
../../data/MVTec/wood/train/good/065.png,train,wood,good,,
../../data/MVTec/wood/train/good/066.png,train,wood,good,,
../../data/MVTec/wood/train/good/067.png,train,wood,good,,
../../data/MVTec/wood/train/good/068.png,train,wood,good,,
../../data/MVTec/wood/train/good/069.png,train,wood,good,,
../../data/MVTec/wood/train/good/070.png,train,wood,good,,
../../data/MVTec/wood/train/good/071.png,train,wood,good,,
../../data/MVTec/wood/train/good/072.png,train,wood,good,,
../../data/MVTec/wood/train/good/073.png,train,wood,good,,
../../data/MVTec/wood/train/good/074.png,train,wood,good,,
../../data/MVTec/wood/train/good/075.png,train,wood,good,,
../../data/MVTec/wood/train/good/076.png,train,wood,good,,
../../data/MVTec/wood/train/good/077.png,train,wood,good,,
../../data/MVTec/wood/train/good/078.png,train,wood,good,,
../../data/MVTec/wood/train/good/079.png,train,wood,good,,
../../data/MVTec/wood/train/good/080.png,train,wood,good,,
../../data/MVTec/wood/train/good/081.png,train,wood,good,,
../../data/MVTec/wood/train/good/082.png,train,wood,good,,
../../data/MVTec/wood/train/good/083.png,train,wood,good,,
../../data/MVTec/wood/train/good/084.png,train,wood,good,,
../../data/MVTec/wood/train/good/085.png,train,wood,good,,
../../data/MVTec/wood/train/good/086.png,train,wood,good,,
../../data/MVTec/wood/train/good/087.png,train,wood,good,,
../../data/MVTec/wood/train/good/088.png,train,wood,good,,
../../data/MVTec/wood/train/good/089.png,train,wood,good,,
../../data/MVTec/wood/train/good/090.png,train,wood,good,,
../../data/MVTec/wood/train/good/091.png,train,wood,good,,
../../data/MVTec/wood/train/good/092.png,train,wood,good,,
../../data/MVTec/wood/train/good/093.png,train,wood,good,,
../../data/MVTec/wood/train/good/094.png,train,wood,good,,
../../data/MVTec/wood/train/good/095.png,train,wood,good,,
../../data/MVTec/wood/train/good/096.png,train,wood,good,,
../../data/MVTec/wood/train/good/097.png,train,wood,good,,
../../data/MVTec/wood/train/good/098.png,train,wood,good,,
../../data/MVTec/wood/train/good/099.png,train,wood,good,,
../../data/MVTec/wood/train/good/100.png,train,wood,good,,
../../data/MVTec/wood/train/good/101.png,train,wood,good,,
../../data/MVTec/wood/train/good/102.png,train,wood,good,,
../../data/MVTec/wood/train/good/103.png,train,wood,good,,
../../data/MVTec/wood/train/good/104.png,train,wood,good,,
../../data/MVTec/wood/train/good/105.png,train,wood,good,,
../../data/MVTec/wood/train/good/106.png,train,wood,good,,
../../data/MVTec/wood/train/good/107.png,train,wood,good,,
../../data/MVTec/wood/train/good/108.png,train,wood,good,,
../../data/MVTec/wood/train/good/109.png,train,wood,good,,
../../data/MVTec/wood/train/good/110.png,train,wood,good,,
../../data/MVTec/wood/train/good/111.png,train,wood,good,,
../../data/MVTec/wood/train/good/112.png,train,wood,good,,
../../data/MVTec/wood/train/good/113.png,train,wood,good,,
../../data/MVTec/wood/train/good/114.png,train,wood,good,,
../../data/MVTec/wood/train/good/115.png,train,wood,good,,
../../data/MVTec/wood/train/good/116.png,train,wood,good,,
../../data/MVTec/wood/train/good/117.png,train,wood,good,,
../../data/MVTec/wood/train/good/118.png,train,wood,good,,
../../data/MVTec/wood/train/good/119.png,train,wood,good,,
../../data/MVTec/wood/train/good/120.png,train,wood,good,,
../../data/MVTec/wood/train/good/121.png,train,wood,good,,
../../data/MVTec/wood/train/good/122.png,train,wood,good,,
../../data/MVTec/wood/train/good/123.png,train,wood,good,,
../../data/MVTec/wood/train/good/124.png,train,wood,good,,
../../data/MVTec/wood/train/good/125.png,train,wood,good,,
../../data/MVTec/wood/train/good/126.png,train,wood,good,,
../../data/MVTec/wood/train/good/127.png,train,wood,good,,
../../data/MVTec/wood/train/good/128.png,train,wood,good,,
../../data/MVTec/wood/train/good/129.png,train,wood,good,,
../../data/MVTec/wood/train/good/130.png,train,wood,good,,
../../data/MVTec/wood/train/good/131.png,train,wood,good,,
../../data/MVTec/wood/train/good/132.png,train,wood,good,,
../../data/MVTec/wood/train/good/133.png,train,wood,good,,
../../data/MVTec/wood/train/good/134.png,train,wood,good,,
../../data/MVTec/wood/train/good/135.png,train,wood,good,,
../../data/MVTec/wood/train/good/136.png,train,wood,good,,
../../data/MVTec/wood/train/good/137.png,train,wood,good,,
../../data/MVTec/wood/train/good/138.png,train,wood,good,,
../../data/MVTec/wood/train/good/139.png,train,wood,good,,
../../data/MVTec/wood/train/good/140.png,train,wood,good,,
../../data/MVTec/wood/train/good/141.png,train,wood,good,,
../../data/MVTec/wood/train/good/142.png,train,wood,good,,
../../data/MVTec/wood/train/good/143.png,train,wood,good,,
../../data/MVTec/wood/train/good/144.png,train,wood,good,,
../../data/MVTec/wood/train/good/145.png,train,wood,good,,
../../data/MVTec/wood/train/good/146.png,train,wood,good,,
../../data/MVTec/wood/train/good/147.png,train,wood,good,,
../../data/MVTec/wood/train/good/148.png,train,wood,good,,
../../data/MVTec/wood/train/good/149.png,train,wood,good,,
../../data/MVTec/wood/train/good/150.png,train,wood,good,,
../../data/MVTec/wood/train/good/151.png,train,wood,good,,
../../data/MVTec/wood/train/good/152.png,train,wood,good,,
../../data/MVTec/wood/train/good/153.png,train,wood,good,,
../../data/MVTec/wood/train/good/154.png,train,wood,good,,
../../data/MVTec/wood/train/good/155.png,train,wood,good,,
../../data/MVTec/wood/train/good/156.png,train,wood,good,,
../../data/MVTec/wood/train/good/157.png,train,wood,good,,
../../data/MVTec/wood/train/good/158.png,train,wood,good,,
../../data/MVTec/wood/train/good/159.png,train,wood,good,,
../../data/MVTec/wood/train/good/160.png,train,wood,good,,
../../data/MVTec/wood/train/good/161.png,train,wood,good,,
../../data/MVTec/wood/train/good/162.png,train,wood,good,,
../../data/MVTec/wood/train/good/163.png,train,wood,good,,
../../data/MVTec/wood/train/good/164.png,train,wood,good,,
../../data/MVTec/wood/train/good/165.png,train,wood,good,,
../../data/MVTec/wood/train/good/166.png,train,wood,good,,
../../data/MVTec/wood/train/good/167.png,train,wood,good,,
../../data/MVTec/wood/train/good/168.png,train,wood,good,,
../../data/MVTec/wood/train/good/169.png,train,wood,good,,
../../data/MVTec/wood/train/good/170.png,train,wood,good,,
../../data/MVTec/wood/train/good/171.png,train,wood,good,,
../../data/MVTec/wood/train/good/172.png,train,wood,good,,
../../data/MVTec/wood/train/good/173.png,train,wood,good,,
../../data/MVTec/wood/train/good/174.png,train,wood,good,,
../../data/MVTec/wood/train/good/175.png,train,wood,good,,
../../data/MVTec/wood/train/good/176.png,train,wood,good,,
../../data/MVTec/wood/train/good/177.png,train,wood,good,,
../../data/MVTec/wood/train/good/178.png,train,wood,good,,
../../data/MVTec/wood/train/good/179.png,train,wood,good,,
../../data/MVTec/wood/train/good/180.png,train,wood,good,,
../../data/MVTec/wood/train/good/181.png,train,wood,good,,
../../data/MVTec/wood/train/good/182.png,train,wood,good,,
../../data/MVTec/wood/train/good/183.png,train,wood,good,,
../../data/MVTec/wood/train/good/184.png,train,wood,good,,
../../data/MVTec/wood/train/good/185.png,train,wood,good,,
../../data/MVTec/wood/train/good/186.png,train,wood,good,,
../../data/MVTec/wood/train/good/187.png,train,wood,good,,
../../data/MVTec/wood/train/good/188.png,train,wood,good,,
../../data/MVTec/wood/train/good/189.png,train,wood,good,,
../../data/MVTec/wood/train/good/190.png,train,wood,good,,
../../data/MVTec/wood/train/good/191.png,train,wood,good,,
../../data/MVTec/wood/train/good/192.png,train,wood,good,,
../../data/MVTec/wood/train/good/193.png,train,wood,good,,
../../data/MVTec/wood/train/good/194.png,train,wood,good,,
../../data/MVTec/wood/train/good/195.png,train,wood,good,,
../../data/MVTec/wood/train/good/196.png,train,wood,good,,
../../data/MVTec/wood/train/good/197.png,train,wood,good,,
../../data/MVTec/wood/train/good/198.png,train,wood,good,,
../../data/MVTec/wood/train/good/199.png,train,wood,good,,
../../data/MVTec/wood/train/good/200.png,train,wood,good,,
../../data/MVTec/wood/train/good/201.png,train,wood,good,,
../../data/MVTec/wood/train/good/202.png,train,wood,good,,
../../data/MVTec/wood/train/good/203.png,train,wood,good,,
../../data/MVTec/wood/train/good/204.png,train,wood,good,,
../../data/MVTec/wood/train/good/205.png,train,wood,good,,
../../data/MVTec/wood/train/good/206.png,train,wood,good,,
../../data/MVTec/wood/train/good/207.png,train,wood,good,,
../../data/MVTec/wood/train/good/208.png,train,wood,good,,
../../data/MVTec/wood/train/good/209.png,train,wood,good,,
../../data/MVTec/wood/train/good/210.png,train,wood,good,,
../../data/MVTec/wood/train/good/211.png,train,wood,good,,
../../data/MVTec/wood/train/good/212.png,train,wood,good,,
../../data/MVTec/wood/train/good/213.png,train,wood,good,,
../../data/MVTec/wood/train/good/214.png,train,wood,good,,
../../data/MVTec/wood/train/good/215.png,train,wood,good,,
../../data/MVTec/wood/train/good/216.png,train,wood,good,,
../../data/MVTec/wood/train/good/217.png,train,wood,good,,
../../data/MVTec/wood/train/good/218.png,train,wood,good,,
../../data/MVTec/wood/train/good/219.png,train,wood,good,,
../../data/MVTec/wood/train/good/220.png,train,wood,good,,
../../data/MVTec/wood/train/good/221.png,train,wood,good,,
../../data/MVTec/wood/train/good/222.png,train,wood,good,,
../../data/MVTec/wood/train/good/223.png,train,wood,good,,
../../data/MVTec/wood/train/good/224.png,train,wood,good,,
../../data/MVTec/wood/train/good/225.png,train,wood,good,,
../../data/MVTec/wood/train/good/226.png,train,wood,good,,
../../data/MVTec/wood/train/good/227.png,train,wood,good,,
../../data/MVTec/wood/train/good/228.png,train,wood,good,,
../../data/MVTec/wood/train/good/229.png,train,wood,good,,
../../data/MVTec/wood/train/good/230.png,train,wood,good,,
../../data/MVTec/wood/train/good/231.png,train,wood,good,,
../../data/MVTec/wood/train/good/232.png,train,wood,good,,
../../data/MVTec/wood/train/good/233.png,train,wood,good,,
../../data/MVTec/wood/train/good/234.png,train,wood,good,,
../../data/MVTec/wood/train/good/235.png,train,wood,good,,
../../data/MVTec/wood/train/good/236.png,train,wood,good,,
../../data/MVTec/wood/train/good/237.png,train,wood,good,,
../../data/MVTec/wood/train/good/238.png,train,wood,good,,
../../data/MVTec/wood/train/good/239.png,train,wood,good,,
../../data/MVTec/wood/train/good/240.png,train,wood,good,,
../../data/MVTec/wood/train/good/241.png,train,wood,good,,
../../data/MVTec/wood/train/good/242.png,train,wood,good,,
../../data/MVTec/wood/train/good/243.png,train,wood,good,,
../../data/MVTec/wood/train/good/244.png,train,wood,good,,
../../data/MVTec/wood/train/good/245.png,train,wood,good,,
../../data/MVTec/wood/train/good/246.png,train,wood,good,,
../../data/MVTec/wood/test/color/000.png,validation,wood,color,../../data/MVTec/wood/ground_truth/color/000_mask.png,
../../data/MVTec/wood/test/color/001.png,test,wood,color,../../data/MVTec/wood/ground_truth/color/001_mask.png,
../../data/MVTec/wood/test/color/002.png,validation,wood,color,../../data/MVTec/wood/ground_truth/color/002_mask.png,
../../data/MVTec/wood/test/color/003.png,test,wood,color,../../data/MVTec/wood/ground_truth/color/003_mask.png,
../../data/MVTec/wood/test/color/004.png,validation,wood,color,../../data/MVTec/wood/ground_truth/color/004_mask.png,
../../data/MVTec/wood/test/color/005.png,test,wood,color,../../data/MVTec/wood/ground_truth/color/005_mask.png,
../../data/MVTec/wood/test/color/006.png,validation,wood,color,../../data/MVTec/wood/ground_truth/color/006_mask.png,
../../data/MVTec/wood/test/color/007.png,test,wood,color,../../data/MVTec/wood/ground_truth/color/007_mask.png,
../../data/MVTec/wood/test/combined/000.png,validation,wood,combined,../../data/MVTec/wood/ground_truth/combined/000_mask.png,
../../data/MVTec/wood/test/combined/001.png,test,wood,combined,../../data/MVTec/wood/ground_truth/combined/001_mask.png,
../../data/MVTec/wood/test/combined/002.png,validation,wood,combined,../../data/MVTec/wood/ground_truth/combined/002_mask.png,
../../data/MVTec/wood/test/combined/003.png,test,wood,combined,../../data/MVTec/wood/ground_truth/combined/003_mask.png,
../../data/MVTec/wood/test/combined/004.png,validation,wood,combined,../../data/MVTec/wood/ground_truth/combined/004_mask.png,
../../data/MVTec/wood/test/combined/005.png,test,wood,combined,../../data/MVTec/wood/ground_truth/combined/005_mask.png,
../../data/MVTec/wood/test/combined/006.png,validation,wood,combined,../../data/MVTec/wood/ground_truth/combined/006_mask.png,
../../data/MVTec/wood/test/combined/007.png,test,wood,combined,../../data/MVTec/wood/ground_truth/combined/007_mask.png,
../../data/MVTec/wood/test/combined/008.png,validation,wood,combined,../../data/MVTec/wood/ground_truth/combined/008_mask.png,
../../data/MVTec/wood/test/combined/009.png,test,wood,combined,../../data/MVTec/wood/ground_truth/combined/009_mask.png,
../../data/MVTec/wood/test/combined/010.png,validation,wood,combined,../../data/MVTec/wood/ground_truth/combined/010_mask.png,
../../data/MVTec/wood/test/good/000.png,validation,wood,good,,
../../data/MVTec/wood/test/good/001.png,test,wood,good,,
../../data/MVTec/wood/test/good/002.png,validation,wood,good,,
../../data/MVTec/wood/test/good/003.png,test,wood,good,,
../../data/MVTec/wood/test/good/004.png,validation,wood,good,,
../../data/MVTec/wood/test/good/005.png,test,wood,good,,
../../data/MVTec/wood/test/good/006.png,validation,wood,good,,
../../data/MVTec/wood/test/good/007.png,test,wood,good,,
../../data/MVTec/wood/test/good/008.png,validation,wood,good,,
../../data/MVTec/wood/test/good/009.png,test,wood,good,,
../../data/MVTec/wood/test/good/010.png,validation,wood,good,,
../../data/MVTec/wood/test/good/011.png,test,wood,good,,
../../data/MVTec/wood/test/good/012.png,validation,wood,good,,
../../data/MVTec/wood/test/good/013.png,test,wood,good,,
../../data/MVTec/wood/test/good/014.png,validation,wood,good,,
../../data/MVTec/wood/test/good/015.png,test,wood,good,,
../../data/MVTec/wood/test/good/016.png,validation,wood,good,,
../../data/MVTec/wood/test/good/017.png,test,wood,good,,
../../data/MVTec/wood/test/good/018.png,validation,wood,good,,
../../data/MVTec/wood/test/hole/000.png,validation,wood,hole,../../data/MVTec/wood/ground_truth/hole/000_mask.png,
../../data/MVTec/wood/test/hole/001.png,test,wood,hole,../../data/MVTec/wood/ground_truth/hole/001_mask.png,
../../data/MVTec/wood/test/hole/002.png,validation,wood,hole,../../data/MVTec/wood/ground_truth/hole/002_mask.png,
../../data/MVTec/wood/test/hole/003.png,test,wood,hole,../../data/MVTec/wood/ground_truth/hole/003_mask.png,
../../data/MVTec/wood/test/hole/004.png,validation,wood,hole,../../data/MVTec/wood/ground_truth/hole/004_mask.png,
../../data/MVTec/wood/test/hole/005.png,test,wood,hole,../../data/MVTec/wood/ground_truth/hole/005_mask.png,
../../data/MVTec/wood/test/hole/006.png,validation,wood,hole,../../data/MVTec/wood/ground_truth/hole/006_mask.png,
../../data/MVTec/wood/test/hole/007.png,test,wood,hole,../../data/MVTec/wood/ground_truth/hole/007_mask.png,
../../data/MVTec/wood/test/hole/008.png,validation,wood,hole,../../data/MVTec/wood/ground_truth/hole/008_mask.png,
../../data/MVTec/wood/test/hole/009.png,test,wood,hole,../../data/MVTec/wood/ground_truth/hole/009_mask.png,
../../data/MVTec/wood/test/liquid/000.png,validation,wood,liquid,../../data/MVTec/wood/ground_truth/liquid/000_mask.png,
../../data/MVTec/wood/test/liquid/001.png,test,wood,liquid,../../data/MVTec/wood/ground_truth/liquid/001_mask.png,
../../data/MVTec/wood/test/liquid/002.png,validation,wood,liquid,../../data/MVTec/wood/ground_truth/liquid/002_mask.png,
../../data/MVTec/wood/test/liquid/003.png,test,wood,liquid,../../data/MVTec/wood/ground_truth/liquid/003_mask.png,
../../data/MVTec/wood/test/liquid/004.png,validation,wood,liquid,../../data/MVTec/wood/ground_truth/liquid/004_mask.png,
../../data/MVTec/wood/test/liquid/005.png,test,wood,liquid,../../data/MVTec/wood/ground_truth/liquid/005_mask.png,
../../data/MVTec/wood/test/liquid/006.png,validation,wood,liquid,../../data/MVTec/wood/ground_truth/liquid/006_mask.png,
../../data/MVTec/wood/test/liquid/007.png,test,wood,liquid,../../data/MVTec/wood/ground_truth/liquid/007_mask.png,
../../data/MVTec/wood/test/liquid/008.png,validation,wood,liquid,../../data/MVTec/wood/ground_truth/liquid/008_mask.png,
../../data/MVTec/wood/test/liquid/009.png,test,wood,liquid,../../data/MVTec/wood/ground_truth/liquid/009_mask.png,
../../data/MVTec/wood/test/scratch/000.png,validation,wood,scratch,../../data/MVTec/wood/ground_truth/scratch/000_mask.png,
../../data/MVTec/wood/test/scratch/001.png,test,wood,scratch,../../data/MVTec/wood/ground_truth/scratch/001_mask.png,
../../data/MVTec/wood/test/scratch/002.png,validation,wood,scratch,../../data/MVTec/wood/ground_truth/scratch/002_mask.png,
../../data/MVTec/wood/test/scratch/003.png,test,wood,scratch,../../data/MVTec/wood/ground_truth/scratch/003_mask.png,
../../data/MVTec/wood/test/scratch/004.png,validation,wood,scratch,../../data/MVTec/wood/ground_truth/scratch/004_mask.png,
../../data/MVTec/wood/test/scratch/005.png,test,wood,scratch,../../data/MVTec/wood/ground_truth/scratch/005_mask.png,
../../data/MVTec/wood/test/scratch/006.png,validation,wood,scratch,../../data/MVTec/wood/ground_truth/scratch/006_mask.png,
../../data/MVTec/wood/test/scratch/007.png,test,wood,scratch,../../data/MVTec/wood/ground_truth/scratch/007_mask.png,
../../data/MVTec/wood/test/scratch/008.png,validation,wood,scratch,../../data/MVTec/wood/ground_truth/scratch/008_mask.png,
../../data/MVTec/wood/test/scratch/009.png,test,wood,scratch,../../data/MVTec/wood/ground_truth/scratch/009_mask.png,
../../data/MVTec/wood/test/scratch/010.png,validation,wood,scratch,../../data/MVTec/wood/ground_truth/scratch/010_mask.png,
../../data/MVTec/wood/test/scratch/011.png,test,wood,scratch,../../data/MVTec/wood/ground_truth/scratch/011_mask.png,
../../data/MVTec/wood/test/scratch/012.png,validation,wood,scratch,../../data/MVTec/wood/ground_truth/scratch/012_mask.png,
../../data/MVTec/wood/test/scratch/013.png,test,wood,scratch,../../data/MVTec/wood/ground_truth/scratch/013_mask.png,
../../data/MVTec/wood/test/scratch/014.png,validation,wood,scratch,../../data/MVTec/wood/ground_truth/scratch/014_mask.png,
../../data/MVTec/wood/test/scratch/015.png,test,wood,scratch,../../data/MVTec/wood/ground_truth/scratch/015_mask.png,
../../data/MVTec/wood/test/scratch/016.png,validation,wood,scratch,../../data/MVTec/wood/ground_truth/scratch/016_mask.png,
../../data/MVTec/wood/test/scratch/017.png,test,wood,scratch,../../data/MVTec/wood/ground_truth/scratch/017_mask.png,
../../data/MVTec/wood/test/scratch/018.png,validation,wood,scratch,../../data/MVTec/wood/ground_truth/scratch/018_mask.png,
../../data/MVTec/wood/test/scratch/019.png,test,wood,scratch,../../data/MVTec/wood/ground_truth/scratch/019_mask.png,
../../data/MVTec/wood/test/scratch/020.png,validation,wood,scratch,../../data/MVTec/wood/ground_truth/scratch/020_mask.png,
